INTR_PER_ACRE,RAPID_TRANSIT_ACCESS,TOTAL_EMPLOYMENT,JOBS_PPL_PER_ARCE,POP_FEMALE_PERC,POP_AGE_18_34_PERC,POP_AGE_45_64_PERC,POP_AGE_65_PERC,EDU_2_PERC,RACE_BAA_PERC,RACE_OTHER,VEH_1,TENURE_OWN_PERC,AVG_HH_SIZE_RENT,CONNECTED_NODE_RATIO,TRIP_ORIGINS,TRIP_DESTI,TRIP_ACTIV,TRIP_VMT,RESIDENTIAL_ROADS_PERC
0.03,0,4780,0.09,0.48,0.32,0.245,0.1,0.02,0,5321,524,0.44,2.5,0.09,0,5,5,1637,0.62
0.18,0,1765,1.02,0.51,0.24,0.208,0.12,0.05,0.1,1910,322,0.7,4.67,0.24,0,4,4,33,0.85
0.03,0,235,0.03,0.51,0.12,0.326,0.39,0.16,0.01,326,354,0.83,2.4,0.05,0,3,3,477,0.9
0.08,0,343,0.3,0.48,0.18,0.303,0.23,0.09,0,304,231,0.75,3.82,0.11,0,0,0,0,0.61
0.03,0,1420,0.11,0.48,0.24,0.225,0.25,0.09,0.02,681,210,0.83,3.72,0.2,0,1,1,10,0.74
0.1,0,889,0.13,0.54,0.25,0.188,0.17,0.05,0.1,651,117,0.64,3.14,0.21,0,3,3,1326,0.81
0.08,0,747,0.57,0.47,0.23,0.242,0.13,0.07,0.06,476,324,0.5,3.7,0.24,0,1,1,13,0.87
0.54,0,316,4.43,0.5,0.24,0.226,0.27,0.06,0,432,445,0.61,2.5,0.25,0,14,14,26,0.8
0.76,0,152,6.44,0.52,0.13,0.302,0.07,0.22,0.02,270,156,0.94,3.41,0.25,0,30,30,63,0.85
0.84,1,531,9.32,0.5,0.24,0.232,0.17,0.13,0.04,474,106,0.82,3.87,0.25,109,87,196,310,0.86
1.34,0,907,7.9,0.52,0.25,0.233,0.12,0.13,0.06,390,389,0.71,3.92,0.13,70,44,114,359,0.81
1.17,1,2647,6.57,0.48,0.54,0.155,0.05,0.16,0.04,688,865,0.3,2.12,0.09,266,272,538,9451,0.42
0.94,0,817,8.96,0.54,0.21,0.257,0.13,0.13,0.04,439,469,0.64,2.81,0.17,15,8,23,152,0.87
0.82,0,663,3.59,0.45,0.17,0.278,0.16,0.19,0.01,222,89,0.93,4.82,0.17,99,57,156,615,0.68
0.5,0,427,8.62,0.49,0.22,0.24,0.1,0.15,0.02,133,250,0.73,3,0.31,16,12,28,71,0.83
0.96,1,795,9.71,0.5,0.27,0.213,0.11,0.11,0.06,627,687,0.52,3.01,0.19,47,69,116,337,0.8
1.24,0,765,8.36,0.52,0.12,0.272,0.33,0.14,0.02,162,151,0.62,2.34,0.15,54,36,90,277,0.75
0.7,0,14538,9.58,0.48,0.35,0.247,0.07,0.19,0.05,399,531,0.39,2.37,0.14,242,247,489,1395,0.39
1.38,0,1361,10.59,0.52,0.27,0.245,0.09,0.17,0.06,708,468,0.7,2.9,0.17,133,124,257,637,0.78
1.05,0,2321,11.14,0.53,0.25,0.272,0.11,0.24,0.06,300,467,0.66,2.82,0.19,47,22,69,449,0.74
0.71,0,4063,10.99,0.53,0.34,0.208,0.1,0.13,0.06,521,343,0.47,2.21,0.16,83,68,151,288,0.75
1,0,1322,10.73,0.45,0.22,0.221,0.11,0.12,0.06,969,401,0.55,2.9,0.19,74,73,147,411,0.84
1.2,0,5533,16.26,0.57,0.24,0.275,0.13,0.16,0.02,701,435,0.76,3.31,0.21,59,58,117,458,0.68
0.73,0,8091,16.93,0.48,0.45,0.208,0.06,0.17,0.12,460,384,0.22,2.27,0.12,153,154,307,429,0.52
1.88,0,696,9.68,0.55,0.21,0.352,0.14,0.18,0,272,299,0.76,2.29,0.16,95,51,146,623,0.67
1.09,0,909,8.55,0.47,0.23,0.27,0.1,0.19,0.03,405,199,0.8,3.28,0.19,62,31,93,497,0.8
0.76,0,1335,13.04,0.54,0.34,0.227,0.08,0.11,0.02,1055,1214,0.53,2.18,0.25,105,86,191,2696,0.77
0.74,0,1588,10.45,0.47,0.3,0.219,0.11,0.12,0,796,384,0.55,2.67,0.2,95,79,174,2359,0.71
1.12,0,1108,9.47,0.49,0.23,0.258,0.12,0.16,0.04,263,341,0.77,2.47,0.2,66,53,119,508,0.71
1.1,0,1538,9.94,0.51,0.24,0.284,0.14,0.19,0.02,532,307,0.71,3.28,0.21,139,129,268,629,0.58
0.72,0,1359,6.99,0.48,0.2,0.302,0.14,0.16,0.03,161,309,0.69,2.01,0.21,200,194,394,695,0.74
2.03,0,574,8.76,0.52,0.24,0.276,0.11,0.17,0,663,223,0.73,3.4,0.11,81,80,161,242,0.76
0.67,0,359,5.39,0.49,0.26,0.337,0.08,0.23,0.05,45,61,0.92,4.71,0.21,58,17,75,441,0.79
0.83,0,1182,6.1,0.45,0.18,0.307,0.09,0.18,0,188,114,0.85,2.8,0.18,71,67,138,455,0.78
0.72,0,589,8.57,0.51,0.2,0.274,0.08,0.16,0.03,520,283,0.82,3.63,0.28,144,83,227,493,0.77
0.92,0,3007,14.45,0.52,0.35,0.178,0.09,0.09,0.09,635,578,0.56,3.03,0.2,235,238,473,2294,0.68
0.84,0,1204,4.87,0.53,0.15,0.226,0.09,0.17,0.02,241,187,0.92,3.74,0.19,110,99,209,1038,0.72
0,0,0,0,0.56,0.05,0.39,0.26,0,0,109,24,0.63,4,0.01,0,0,0,0,1
0.64,0,662,7.61,0.56,0.11,0.099,0.69,0.11,0.02,357,225,0.69,1.45,0.36,60,41,101,365,0.88
2.77,0,422,14.69,0.52,0.2,0.208,0.07,0.02,0,512,278,0.35,3.32,0.06,24,20,44,161,0.81
1.01,0,2956,19.81,0.47,0.29,0.228,0.07,0.03,0.06,1197,553,0.42,3.17,0.22,56,63,119,497,0.79
1.58,0,1741,16.51,0.47,0.3,0.227,0.07,0.09,0.01,1042,396,0.59,3.67,0.2,114,64,178,3144,0.72
0.83,0,5668,33.92,0.48,0.3,0.2,0.06,0.06,0.02,2053,925,0.27,2.86,0.22,45,91,136,263,0.8
1.14,0,3162,14.61,0.48,0.31,0.29,0.06,0.21,0.07,1611,1087,0.64,1.91,0.23,113,75,188,675,0.77
0.85,0,1558,8.79,0.54,0.34,0.268,0.06,0.03,0.06,237,133,0.57,2.7,0.22,25,10,35,793,0.52
1.13,0,1496,12.07,0.42,0.27,0.191,0.09,0.04,0.12,404,266,0.41,3.4,0.22,20,5,25,359,0.62
0.64,0,2233,10,0.5,0.3,0.235,0.05,0.04,0.04,741,405,0.43,3.4,0.2,13,4,17,183,0.66
0.51,0,3815,8.51,0.58,0.33,0.154,0.08,0.01,0,78,188,0.38,3.89,0.17,48,33,81,216,0.6
0.4,0,1457,10.47,0.1,0.54,0.186,0.02,0.03,0.15,1120,97,0.51,3.29,0.11,3,7,10,65,0.72
0.42,0,2495,4.48,0.52,0.26,0.25,0.06,0.02,0.1,826,172,0.52,4.15,0.21,29,17,46,1356,0.63
0.93,0,3539,8.77,0.45,0.25,0.195,0.21,0.07,0.04,370,226,0.24,2.44,0.17,73,53,126,1185,0.61
1.09,0,9608,22.68,0.46,0.19,0.322,0.2,0.36,0.01,256,969,0.49,1.62,0.18,310,316,626,2055,0.56
1.59,0,2155,9.95,0.51,0.15,0.287,0.34,0.28,0,119,438,0.71,1.34,0.15,63,77,140,662,0.82
1.07,0,1425,6.92,0.47,0.24,0.281,0.19,0.16,0,921,365,0.76,1.69,0.17,3,30,33,230,0.78
1.31,0,3405,10.75,0.46,0.19,0.243,0.17,0.13,0.04,424,579,0.69,2.42,0.12,0,53,53,198,0.61
1.49,0,2327,10.82,0.52,0.23,0.272,0.15,0.17,0.01,365,152,0.72,2.8,0.15,0,4,4,66,0.8
1.26,0,891,4.64,0.52,0.13,0.251,0.32,0.22,0.03,285,299,0.84,3.96,0.12,1,14,15,142,0.74
1.36,0,723,9.18,0.56,0.21,0.275,0.22,0.16,0,478,669,0.77,2.49,0.21,0,15,15,158,0.76
1.57,0,512,8.25,0.56,0.15,0.337,0.22,0.22,0.01,223,352,0.91,2.95,0.17,0,5,5,43,0.86
1.13,1,576,15.21,0.52,0.27,0.257,0.08,0.14,0.08,751,1019,0.31,2.32,0.17,86,64,150,415,0.72
0.08,0,508,0.14,0.5,0.16,0.28,0.19,0.1,0,146,42,0.88,1.95,0.13,0,1,1,104,0.94
0.36,0,892,1.13,0.54,0.06,0.277,0.54,0.26,0.02,200,248,0.99,2.87,0.14,0,2,2,136,0.83
0.01,0,284,0.01,0.49,0.09,0.302,0.29,0.13,0.02,453,223,0.9,4,0.06,0,3,3,1153,0.68
0.01,0,645,0.04,0.49,0.23,0.154,0.11,0.07,0.03,1152,584,0.77,3.63,0.17,0,3,3,852,0.79
0.16,0,566,1.8,0.49,0.22,0.213,0.12,0.03,0.07,759,338,0.51,2.83,0.42,0,0,0,2,0.79
0.21,0,715,0.54,0.49,0.18,0.436,0.18,0.11,0,117,291,0.78,2.55,0.13,0,7,7,66,0.82
0.08,0,200,0.21,0.51,0,0.134,0.87,0.3,0,0,139,0.98,1.7,0.12,0,0,0,0,0.81
0.01,0,3080,0.03,0.49,0.24,0.214,0.12,0.05,0.05,3508,590,0.58,4.05,0.1,0,23,23,205,0.74
0.11,0,369,0.32,0.5,0.22,0.244,0.28,0.1,0.01,998,131,0.78,3.27,0.24,0,1,1,19,0.84
0.1,0,184,0.17,0.54,0.11,0.259,0.27,0.14,0,173,60,0.97,4.07,0.13,0,0,0,498,0.83
0.03,0,507,0.26,0.05,0.4,0.283,0.04,0.03,0.12,1776,39,0.63,3.94,0.07,0,1,1,3,0.98
0.88,0,244,13.69,0.48,0.24,0.174,0.07,0.08,0.03,2046,1133,0.76,4.01,0.22,0,9,9,41,0.82
0.01,0,242,0.03,0.43,0.18,0.334,0.18,0.07,0.02,76,54,0.85,2.46,0.19,0,1,1,98,0.68
0.02,0,963,0.02,0.5,0.23,0.224,0.27,0.04,0.01,315,110,0.75,3.35,0.04,0,1,1,173,0.8
0.01,0,91,0.01,0.43,0.36,0.199,0.1,0.02,0,1799,107,0.35,2.36,0.09,0,7,7,3959,0.67
0.01,0,499,0.01,0.48,0.18,0.322,0.23,0.02,0,323,62,0.85,3.06,0.05,0,0,0,0,0.68
0.3,0,580,1.94,0.53,0.2,0.214,0.11,0.09,0.02,652,418,0.89,3.95,0.18,0,33,33,266,0.8
0.76,0,1899,11.44,0.5,0.28,0.186,0.06,0.02,0.04,1244,243,0.85,4.57,0.14,46,83,129,304,0.71
1.66,0,1089,15.71,0.47,0.25,0.25,0.06,0.02,0.03,3400,963,0.43,3.48,0.15,150,153,303,507,0.63
0.9,0,652,11.65,0.55,0.3,0.192,0.09,0.05,0.04,2723,412,0.82,5.05,0.2,25,14,39,166,0.79
0.88,0,338,19.16,0.56,0.25,0.178,0.06,0.01,0.08,1408,463,0.43,4.33,0.35,52,61,113,74,0.98
0.64,0,290,20.53,0.52,0.28,0.163,0.06,0.01,0.06,2530,742,0.31,4.18,0.3,11,6,17,58,0.97
1.17,0,1140,19.62,0.46,0.24,0.214,0.07,0.01,0.04,2282,289,0.6,4.41,0.25,2,8,10,113,0.9
1.14,0,254,27.98,0.51,0.3,0.178,0.05,0.02,0.05,3693,1142,0.28,3.24,0.17,37,11,48,293,0.7
0.83,0,21614,13.88,0.5,0.27,0.165,0.04,0.01,0.15,521,543,0.23,3.49,0.09,286,169,455,8336,0.44
0.47,0,1790,4.87,0.47,0.26,0.231,0.13,0.03,0.28,634,202,0.26,2.55,0.17,64,68,132,373,0.66
0.62,0,262,6.99,0.5,0.24,0.196,0.08,0.02,0.06,864,323,0.62,3.43,0.2,14,22,36,110,0.71
0.69,0,364,6.7,0.51,0.28,0.233,0.1,0.04,0.17,345,411,0.72,3.23,0.23,38,23,61,218,0.77
0.86,0,378,11.09,0.5,0.26,0.208,0.08,0.04,0.12,1029,591,0.59,4.06,0.19,16,16,32,97,0.88
1.21,0,220,11.31,0.49,0.26,0.235,0.12,0.07,0.27,1354,747,0.56,3.27,0.24,33,20,53,195,0.88
0.63,0,3648,13.32,0.54,0.34,0.156,0.05,0.04,0.3,685,543,0.39,3.24,0.16,43,81,124,228,0.81
0.85,0,363,16.68,0.53,0.21,0.256,0.05,0.06,0.1,1867,352,0.71,4.35,0.36,36,22,58,339,0.88
1.1,0,3959,18.5,0.46,0.34,0.225,0.15,0.28,0.01,256,1360,0.38,1.95,0.16,299,221,520,1764,0.52
1.15,0,805,11.32,0.44,0.33,0.253,0.16,0.25,0.01,354,718,0.58,2.22,0.22,82,91,173,680,0.78
0.96,0,1468,8.79,0.51,0.34,0.245,0.19,0.26,0,653,894,0.61,2.2,0.22,246,230,476,1614,0.67
1.17,0,1197,11.12,0.46,0.36,0.226,0.13,0.24,0.04,220,913,0.55,2.02,0.2,167,136,303,1370,0.74
1.19,0,3826,15.25,0.51,0.25,0.225,0.22,0.19,0.04,185,1247,0.61,1.88,0.15,136,114,250,591,0.67
0.89,0,1315,5.09,0.5,0.16,0.333,0.22,0.22,0.02,277,397,0.77,2.49,0.2,0,36,36,274,0.79
1.64,0,427,12.28,0.53,0.3,0.247,0.16,0.15,0.09,441,1011,0.4,1.86,0.17,0,10,10,125,0.75
1.79,0,252,5.83,0.5,0.16,0.294,0.19,0.22,0,241,96,0.88,3.01,0.14,0,8,8,69,0.87
0.22,0,474,3.7,0.51,0.26,0.197,0.09,0.03,0.13,403,799,0.19,3.29,0.19,29,28,57,115,0.68
1.62,0,145,10.29,0.5,0.3,0.255,0.1,0.09,0.04,988,504,0.61,2.94,0.17,0,14,14,671,0.75
1.18,0,3118,14.21,0.51,0.34,0.192,0.11,0.14,0.12,1093,1424,0.35,2.17,0.12,0,39,39,910,0.52
1.6,0,291,11.89,0.48,0.26,0.234,0.12,0.11,0.04,1250,497,0.63,3.15,0.17,1,30,31,484,0.72
1.18,0,164,18.17,0.47,0.26,0.227,0.08,0.02,0.12,959,634,0.29,2.45,0.1,9,8,17,68,0.81
0.29,0,502,0.41,0.53,0.04,0.358,0.44,0.33,0,14,251,0.91,2.98,0.14,0,1,1,35,0.9
0.04,0,21,0.06,0.53,0.06,0.3,0.46,0.17,0.01,98,318,0.93,2.89,0.17,0,0,0,32,0.68
0.07,0,497,0.07,0.5,0.18,0.332,0.18,0.15,0.05,631,410,0.8,2.68,0.11,0,8,8,600,0.6
0.55,0,325,2.03,0.52,0.27,0.207,0.18,0.11,0.1,649,419,0.77,3.45,0.16,0,9,9,782,0.69
1.15,0,894,17.57,0.52,0.29,0.174,0.08,0.01,0.1,523,202,0.29,2.75,0.24,0,1,1,19,0.78
0.1,0,260,0.13,0.53,0.07,0.268,0.42,0.28,0.02,498,298,0.95,2.27,0.09,0,20,20,149,0.63
0.65,0,435,1.2,0.53,0.15,0.273,0.09,0.18,0.02,538,305,0.82,3.35,0.09,0,18,18,219,0.63
0.25,0,337,1.11,0.48,0.24,0.161,0.06,0.15,0.07,424,278,0.91,4.42,0.13,0,1,1,173,0.56
1.51,0,906,3.46,0.54,0,0.169,0.82,0.28,0.01,44,124,0.97,1.26,0.15,0,0,0,67,0.73
0.02,0,899,0.06,0.47,0.18,0.299,0.12,0.09,0,345,366,0.81,2.98,0.08,0,1,1,133,0.42
0.04,0,1197,0.06,0.51,0.2,0.221,0.09,0.09,0.06,1272,251,0.85,3.71,0.15,0,6,6,787,0.73
0.51,0,1538,2.95,0.51,0.21,0.209,0.1,0.08,0.1,1054,420,0.72,3.93,0.17,0,34,34,73,0.69
0.61,0,381,7.58,0.53,0.32,0.199,0.07,0.12,0.12,1151,1109,0.39,2.46,0.18,1,6,7,112,0.69
1.02,0,1205,9.1,0.53,0.22,0.283,0.18,0.13,0.05,315,358,0.63,1.9,0.18,0,9,9,81,0.71
0.98,0,58,7.43,0.53,0.17,0.247,0.08,0.14,0.09,396,70,0.85,3.8,0.23,0,0,0,17,0.73
1.18,0,2851,11.77,0.5,0.28,0.149,0.05,0.07,0.28,1004,466,0.35,3.58,0.12,109,83,192,1172,0.63
0.97,0,252,11.7,0.51,0.27,0.176,0.04,0.05,0.15,834,515,0.67,4.24,0.22,57,58,115,208,0.78
1.11,0,11354,25.31,0.6,0.3,0.208,0.24,0.08,0.05,695,776,0.2,1.71,0.12,129,89,218,733,0.49
0.58,1,1602,32.88,0.5,0.31,0.22,0.08,0.12,0.12,1105,1121,0.15,2,0.04,45,73,118,78,0.5
1.29,0,174,17.49,0.51,0.29,0.173,0.07,0,0.03,2373,251,0.56,4.21,0.25,38,17,55,207,0.84
1.1,0,450,18.06,0.49,0.3,0.179,0.04,0.02,0.06,2020,391,0.43,4.13,0.18,21,23,44,148,0.84
1.14,0,49,17.52,0.46,0.24,0.193,0.06,0.01,0.03,1178,94,0.69,5.87,0.21,14,5,19,151,0.81
0.89,0,424,20.74,0.5,0.35,0.228,0.07,0.02,0.07,1199,82,0.65,5.41,0.31,12,18,30,112,0.78
1,0,1525,16.46,0.46,0.25,0.148,0.06,0.01,0.02,2874,520,0.51,5.31,0.17,23,37,60,331,0.7
1.09,0,432,29.51,0.56,0.34,0.17,0.04,0.03,0.18,572,1024,0.12,2.72,0.18,83,64,147,1687,0.53
1.17,0,131,12.74,0.49,0.23,0.181,0.1,0.03,0.03,445,246,0.62,5.44,0.19,18,12,30,136,0.87
0.78,0,480,4.67,0.53,0.16,0.324,0.17,0.22,0,135,340,0.88,2.64,0.24,47,31,78,449,0.69
0.53,0,788,8.49,0.53,0.01,0.147,0.84,0.2,0,18,57,0.94,1.12,0.37,33,18,51,225,0.57
0.64,1,1262,14.87,0.6,0.21,0.156,0.2,0.07,0.19,533,564,0.29,2.56,0.12,113,33,146,212,0.59
0.04,0,1358,0.01,0.47,0.04,0.417,0.45,0.36,0,16,138,0.93,2.18,0.04,0,18,18,1036,0.62
0.34,0,1633,0.43,0.54,0.09,0.367,0.38,0.26,0,215,440,0.89,2.46,0.09,0,4,4,48,0.85
1.17,0,270,11.47,0.45,0.27,0.257,0.07,0.03,0.15,180,300,0.26,2.62,0.22,67,50,117,1643,0.63
1.09,0,1409,13.17,0.55,0.33,0.245,0.16,0.27,0.01,420,870,0.38,1.61,0.2,100,100,200,232,0.87
0.01,0,843,0.01,0.48,0.13,0.297,0.38,0.13,0,248,298,0.9,3.37,0.07,0,3,3,23,0.6
0.22,0,1058,0.6,0.52,0.23,0.247,0.08,0.1,0.08,542,229,0.85,3.41,0.13,0,36,36,773,0.46
0.26,0,427,0.94,0.49,0.12,0.318,0.19,0.21,0.01,264,180,0.91,3.59,0.13,0,14,14,42,0.78
1.22,0,93,18.23,0.52,0.3,0.189,0.05,0.05,0.07,2133,442,0.66,3.54,0.21,35,19,54,179,0.75
1.05,0,11390,30.13,0.5,0.33,0.232,0.08,0.17,0.04,279,630,0.41,2.22,0.2,0,19,19,524,0.61
0.99,0,2418,10.21,0.51,0.25,0.271,0.13,0.14,0.02,544,315,0.85,3.52,0.23,0,8,8,107,0.73
3.24,0,128,10,0.48,0.27,0.213,0.1,0.07,0.01,459,164,0.85,2.76,0.09,0,2,2,56,0.85
1.08,0,837,9.21,0.53,0.23,0.21,0.06,0.1,0.27,954,254,0.52,3.67,0.19,40,55,95,184,0.74
1.62,0,670,14.26,0.48,0.25,0.224,0.09,0.21,0.1,741,527,0.51,2.88,0.16,31,23,54,902,0.64
1.24,0,1836,14.34,0.53,0.28,0.229,0.07,0.17,0.09,556,1047,0.43,2.37,0.21,253,259,512,1656,0.61
0.37,0,31,1.7,0.53,0.15,0.365,0.09,0.22,0.01,96,54,0.94,4.77,0.09,6,4,10,39,0.71
0.1,0,15,0.02,0.48,0.23,0.419,0.11,0.17,0,40,10,0.86,0,0.01,11,12,23,36,0.87
0.44,0,2029,1.39,0.49,0.15,0.349,0.08,0.12,0.04,242,175,0.94,4.07,0.17,0,44,44,284,0.86
0.06,0,2435,0.13,0.45,0.19,0.288,0.13,0.15,0.03,824,358,0.81,3.69,0.08,0,13,13,1222,0.74
0.88,0,415,3.96,0.49,0.17,0.372,0.16,0.14,0.02,112,108,0.9,3.65,0.12,0,5,5,271,0.72
0,0,1418,0.01,0.01,0.43,0.239,0.02,0.02,0.11,2066,17,0.63,2.56,0.03,0,0,0,218,0.41
0.27,0,2314,0.43,0.51,0.17,0.262,0.19,0.16,0.02,219,152,0.83,2.23,0.14,49,46,95,2498,0.62
0.01,0,1034,0.01,0.49,0.24,0.186,0.08,0.04,0.04,912,306,0.48,3.3,0.08,0,8,8,357,0.44
0.1,0,185,0.15,0.44,0.13,0.34,0.17,0.2,0.02,5,58,0.9,1.44,0.1,0,0,0,103,0.68
0.35,0,510,0.98,0.49,0.13,0.474,0.2,0.18,0,179,305,0.89,3.45,0.15,0,1,1,45,0.85
0.54,0,1002,3.11,0.56,0.15,0.257,0.14,0.2,0.05,270,467,0.67,2.83,0.19,0,29,29,115,0.69
0.66,0,319,0.63,0.54,0.03,0.314,0.57,0.32,0,64,148,0.96,2.43,0.09,0,7,7,89,0.81
0.11,0,188,0.44,0.53,0.18,0.247,0.08,0.22,0.05,167,206,0.92,4.06,0.16,0,5,5,303,0.6
0.22,0,546,0.88,0.52,0.08,0.376,0.27,0.3,0.01,163,163,0.9,2.28,0.13,7,39,46,77,0.91
0.89,0,563,4.77,0.51,0.26,0.264,0.2,0.25,0.01,260,401,0.7,2.03,0.18,90,65,155,939,0.67
0.51,0,15305,4.08,0.51,0.28,0.243,0.07,0.22,0.02,496,969,0.59,2.29,0.13,0,48,48,422,0.67
0.16,0,365,0.62,0.5,0.19,0.254,0.06,0.22,0,209,710,0.79,2.58,0.16,0,19,19,256,0.59
1.14,0,496,2.68,0.5,0.03,0.312,0.51,0.34,0,78,104,0.97,2.41,0.13,0,0,0,49,0.7
0.84,0,440,13.39,0.59,0.25,0.206,0.21,0.07,0.15,161,672,0.32,2.63,0.17,50,37,87,145,0.37
1.16,0,61,10.2,0.52,0.19,0.298,0.13,0.19,0.02,224,213,0.81,2.89,0.22,0,5,5,173,0.99
0.01,0,257,0.03,0.49,0.17,0.296,0.25,0.11,0.02,970,189,0.84,3.14,0.11,0,0,0,69,0.6
0.3,0,294,0.49,0.48,0.13,0.255,0.18,0.16,0.05,275,73,0.87,3,0.13,0,3,3,77,0.6
0.48,0,171,1.15,0.51,0.13,0.303,0.16,0.15,0.1,302,252,0.86,4.29,0.15,0,17,17,18,0.7
0.96,0,373,3.37,0.51,0.1,0.344,0.11,0.23,0.04,166,132,0.97,2.77,0.14,0,12,12,138,0.68
0.45,0,126,8.25,0.49,0.21,0.211,0.28,0.11,0.01,326,327,0.77,3.26,0.32,12,8,20,924,0.96
2.24,0,228,9.58,0.53,0.23,0.173,0.06,0.18,0.05,825,543,0.68,2.71,0.14,104,155,259,400,0.69
0.68,0,3242,3.64,0.5,0.15,0.215,0.08,0.17,0.06,916,469,0.93,4.51,0.16,2,70,72,929,0.79
2.22,0,977,8.78,0.52,0.11,0.19,0.1,0.17,0.01,287,144,0.82,3.92,0.12,20,21,41,211,0.68
0.85,0,421,16.14,0.52,0.26,0.229,0.09,0.03,0.04,658,425,0.5,3.33,0.27,22,11,33,167,0.68
0.45,0,3460,2.14,0.51,0.18,0.313,0.09,0.18,0.01,739,504,0.93,1.51,0.15,0,30,30,175,0.71
0.55,0,31169,9.23,0.45,0.32,0.204,0.13,0.1,0.08,420,575,0.38,2.31,0.11,0,51,51,1479,0.34
1.61,0,5157,18.64,0.55,0.29,0.257,0.11,0.18,0.01,394,563,0.62,2.1,0.14,0,18,18,869,0.82
0.79,0,475,5.1,0.54,0.01,0.206,0.77,0.15,0,21,72,0.8,1.53,0.22,0,0,0,9,0.83
1.46,1,15693,30.91,0.5,0.19,0.303,0.15,0.29,0.03,309,758,0.65,1.76,0.13,328,316,644,1592,0.57
1.22,0,789,15.96,0.54,0.31,0.193,0.06,0.03,0.01,849,275,0.54,4.99,0.19,19,15,34,135,0.78
1.4,0,252,16.97,0.51,0.18,0.289,0.15,0.05,0.04,515,455,0.41,2.23,0.19,16,17,33,79,0.81
0.51,0,11578,8.84,0.61,0.26,0.24,0.08,0.14,0.14,1508,901,0.38,3.03,0.15,246,205,451,1276,0.53
1.03,0,9639,21.12,0.59,0.25,0.253,0.12,0.09,0.13,353,387,0.64,2.94,0.17,176,136,312,749,0.73
1.3,0,57,16.19,0.52,0.34,0.233,0.08,0.08,0.14,1225,794,0.36,2.84,0.36,86,85,171,478,0.75
0.98,0,1046,12.41,0.47,0.22,0.242,0.13,0.04,0.27,1424,433,0.66,3.19,0.22,108,113,221,466,0.83
0.7,0,402,9.87,0.47,0.33,0.235,0.09,0.03,0.08,1478,267,0.69,3.41,0.27,45,34,79,350,0.82
1.06,0,400,10.76,0.49,0.25,0.198,0.11,0.06,0.11,2448,878,0.61,3.5,0.2,94,99,193,442,0.79
0.74,0,1425,8.14,0.48,0.23,0.196,0.14,0.14,0.16,1140,403,0.74,4.6,0.2,60,56,116,356,0.84
1.14,0,6150,7.81,0.55,0.27,0.261,0.11,0.14,0.2,1477,1077,0.64,2.4,0.15,163,151,314,1941,0.8
0.93,1,11052,8.24,0.43,0.5,0.191,0.08,0.1,0.04,1573,1087,0.31,2.27,0.1,758,836,1594,13053,0.38
1.29,1,34062,63.61,0.41,0.85,0.073,0.03,0.07,0.06,290,494,0.17,1.58,0.08,500,536,1036,5590,0.22
1.62,0,118,10.72,0.49,0.25,0.232,0.11,0.11,0.01,565,175,0.82,5.02,0.16,6,13,19,146,0.76
1.91,0,7573,15.65,0.49,0.3,0.248,0.14,0.05,0.08,1089,1113,0.37,2.4,0.11,354,275,629,2107,0.46
1.42,0,245,11.43,0.53,0.21,0.288,0.12,0.09,0.07,771,399,0.73,2.98,0.15,89,116,205,154,0.88
1.38,0,1191,11.63,0.44,0.24,0.254,0.15,0.12,0.04,798,818,0.76,2.65,0.19,0,37,37,152,0.81
0.77,0,5575,13.24,0.49,0.23,0.258,0.19,0.09,0.01,56,84,0.87,3.43,0.17,0,10,10,98,0.63
0.81,0,1505,11.23,0.51,0.28,0.273,0.18,0.07,0.03,621,355,0.61,2.57,0.26,0,20,20,162,0.7
0.02,0,81,0.82,0.05,0.47,0.226,0.02,0.02,0.09,2241,56,0.61,3.58,0.28,0,0,0,0,0.83
0.74,0,480,5.86,0.48,0.17,0.27,0.31,0.08,0,283,724,0.81,2.76,0.19,0,10,10,57,0.73
0.58,0,2516,6.38,0.47,0.13,0.28,0.38,0.06,0,192,198,0.76,2.05,0.16,0,1,1,21,0.76
0.66,0,909,6.88,0.53,0.29,0.239,0.1,0.08,0.15,776,377,0.79,3.73,0.22,0,4,4,49,0.8
0.95,0,96,8.32,0.48,0.26,0.199,0.08,0.08,0.27,1025,303,0.7,4.07,0.18,0,15,15,76,0.69
1.46,0,947,10.24,0.5,0.2,0.192,0.1,0.11,0.1,666,452,0.78,3.82,0.14,0,6,6,38,0.86
2.05,0,23,9.07,0.49,0.2,0.301,0.16,0.2,0,131,205,0.88,2.76,0.14,13,6,19,90,0.93
1.2,0,1864,8.22,0.55,0.18,0.265,0.31,0.19,0.04,370,578,0.73,2.18,0.17,225,252,477,2280,0.81
1.5,0,4907,26.14,0.54,0.32,0.245,0.08,0.18,0.13,180,521,0.29,2.08,0.1,70,59,129,2247,0.79
1.08,0,296,5.79,0.49,0.13,0.347,0.15,0.26,0,441,62,0.96,3.36,0.15,68,69,137,183,0.87
1,0,157,9.03,0.54,0.27,0.191,0.13,0.13,0.21,387,302,0.48,3.26,0.16,28,30,58,160,0.71
1.26,0,2313,10.88,0.54,0.24,0.262,0.07,0.22,0.1,1473,1236,0.4,2.08,0.13,216,209,425,2172,0.69
0.18,0,91,0.64,0.51,0.18,0.21,0.11,0.1,0.08,581,196,0.83,3.2,0.21,0,14,14,58,0.8
0.53,0,768,3.14,0.49,0.06,0.19,0.6,0.28,0,219,263,0.94,1.86,0.18,0,0,0,0,0.84
0.56,0,27,14.52,0.49,0.26,0.224,0.11,0.03,0.01,1518,257,0.61,3.65,0.41,12,1,13,40,0.88
1.12,0,1541,7.48,0.51,0.25,0.198,0.1,0.12,0.02,546,101,0.69,3.7,0.17,59,45,104,436,0.64
0.77,0,266,18.86,0.49,0.25,0.239,0.06,0.03,0.05,2294,417,0.58,4.36,0.35,35,6,41,227,0.89
0.71,0,1343,22.46,0.49,0.24,0.198,0.06,0.03,0.06,2158,303,0.62,4.58,0.37,33,40,73,83,0.83
1.12,0,130,8.63,0.51,0.23,0.222,0.1,0.04,0.06,1186,304,0.68,4.52,0.18,19,16,35,208,0.88
1.31,0,4742,12.38,0.49,0.28,0.234,0.09,0.02,0.08,472,450,0.34,2.78,0.14,98,76,174,1041,0.55
1.18,0,420,10.56,0.57,0.27,0.265,0.14,0.11,0.12,455,662,0.6,2.1,0.17,22,19,41,158,0.78
0.61,0,594,4.43,0.49,0.2,0.304,0.29,0.23,0,153,56,0.98,2.83,0.2,0,9,9,113,0.67
0.59,0,1104,8.18,0.49,0.34,0.235,0.08,0.1,0.03,325,765,0.45,2.65,0.25,0,54,54,200,0.67
1.68,0,4679,16.81,0.54,0.21,0.26,0.19,0.12,0.05,392,787,0.48,2.13,0.12,1,26,27,243,0.69
0.66,0,711,7.67,0.53,0.22,0.291,0.19,0.08,0.01,349,221,0.79,3.05,0.25,0,3,3,65,0.75
0.86,0,331,9.67,0.52,0.19,0.287,0.13,0.08,0.04,452,205,0.68,2.87,0.23,5,15,20,30,0.87
0.84,0,443,5.9,0.56,0.27,0.233,0.15,0.11,0.08,264,102,0.78,3.48,0.21,1,10,11,138,0.74
1.1,0,398,10.03,0.57,0.22,0.253,0.13,0.09,0.04,401,563,0.72,3.37,0.24,17,21,38,275,0.76
0.95,0,1710,3.66,0.55,0.17,0.282,0.23,0.2,0,576,263,0.87,2.79,0.13,29,19,48,533,0.88
1.25,0,854,8,0.52,0.15,0.301,0.25,0.18,0.02,258,536,0.64,1.77,0.16,29,39,68,217,0.76
1.48,0,872,8.31,0.52,0.16,0.257,0.19,0.21,0.01,250,187,0.92,3.49,0.2,47,35,82,1704,0.77
0.47,0,2537,1.5,0.46,0.13,0.344,0.3,0.19,0.01,147,940,0.75,1.42,0.1,70,46,116,4861,0.87
0.92,0,605,15.96,0.49,0.3,0.157,0.08,0.02,0.13,513,545,0.25,3.16,0.21,14,14,28,140,0.7
1.14,0,187,19.4,0.53,0.2,0.174,0.06,0.05,0.11,1423,750,0.25,3.36,0.17,18,23,41,173,0.82
0.79,0,9224,34.44,0.51,0.64,0.085,0.05,0.01,0.05,393,171,0.23,2.16,0.15,100,117,217,482,0.76
1.51,1,3059,16.81,0.54,0.28,0.207,0.09,0.1,0.18,1335,1447,0.36,2.42,0.12,185,204,389,837,0.59
1.1,1,3196,10.92,0.54,0.2,0.321,0.19,0.26,0.02,210,578,0.72,1.65,0.14,253,236,489,1063,0.72
1.34,0,7543,18.35,0.51,0.27,0.29,0.13,0.28,0.06,273,1035,0.5,1.77,0.14,292,184,476,2838,0.71
1.61,0,8754,12.29,0.5,0.06,0.318,0.48,0.42,0.01,16,518,0.78,1.37,0.11,161,183,344,1138,0.68
0.99,0,819,6.76,0.44,0.24,0.256,0.11,0.23,0.09,107,352,0.63,2.17,0.18,94,63,157,1266,0.76
0.93,0,1477,17.08,0.54,0.33,0.203,0.09,0.12,0.13,516,1242,0.25,2.59,0.21,84,129,213,430,0.77
0.96,1,1463,17.54,0.44,0.4,0.153,0.04,0.09,0.14,509,539,0.01,2.71,0.13,40,22,62,1183,0.73
1.72,0,750,11.22,0.52,0.16,0.308,0.11,0.19,0.06,866,730,0.65,2.73,0.13,79,86,165,687,0.68
1.22,0,313,5.79,0.5,0.19,0.32,0.11,0.2,0.06,139,274,0.84,3.67,0.12,64,27,91,576,0.72
1.65,0,151,9.35,0.5,0.18,0.357,0.13,0.24,0,209,251,0.74,2.32,0.18,11,2,13,333,0.89
0.95,0,1186,15.99,0.53,0.39,0.207,0.04,0.19,0.14,445,810,0.23,2.07,0.12,129,81,210,1779,0.74
1.04,0,614,14.95,0.53,0.32,0.195,0.15,0.19,0.17,386,478,0.32,2.25,0.14,115,123,238,381,0.65
1.26,0,5509,14.94,0.49,0.26,0.295,0.08,0.19,0.11,1303,552,0.7,2.17,0.15,408,328,736,2205,0.74
1.53,0,422,11.32,0.54,0.26,0.255,0.07,0.18,0.11,593,680,0.45,2.55,0.13,62,47,109,283,0.64
0.52,0,523,2.52,0.55,0.12,0.345,0.25,0.3,0.02,146,219,0.95,2.66,0.12,63,75,138,365,0.77
1.38,0,13585,33.1,0.61,0.22,0.305,0.34,0.34,0,24,362,0.39,1.58,0.09,178,99,277,600,0.1
0.28,0,1653,1.03,0.49,0.07,0.364,0.41,0.34,0.01,61,93,0.94,1.44,0.14,0,6,6,210,0.72
0.87,1,244,12.03,0.5,0.44,0.14,0.14,0.07,0.04,643,461,0.45,2.89,0.19,91,64,155,3084,0.51
1.28,0,2616,14.91,0.48,0.38,0.179,0.13,0.16,0.06,1045,689,0.53,3.02,0.19,401,277,678,4175,0.77
1.34,0,1975,9.37,0.5,0.26,0.284,0.17,0.24,0.03,265,404,0.69,3.15,0.16,143,82,225,4343,0.82
0.4,0,243,3.23,0.5,0.18,0.235,0.27,0.14,0,613,419,0.82,3.43,0.19,19,23,42,729,0.68
1.03,0,473,3.5,0.5,0.16,0.332,0.17,0.18,0.03,134,234,0.9,3.64,0.16,29,19,48,1100,0.69
0.71,0,706,12.39,0.49,0.37,0.219,0.12,0.18,0,105,238,0.71,2.96,0.22,41,41,82,527,0.73
0.58,0,2075,6.43,0.56,0.29,0.233,0.08,0.02,0.05,440,158,0.38,3.58,0.2,35,27,62,270,0.61
0.53,0,2353,1.51,0.56,0.19,0.277,0.34,0.12,0,631,467,0.64,1.93,0.13,0,2,2,90,0.9
0.86,0,473,15.02,0.53,0.27,0.191,0.11,0.07,0.06,1653,758,0.57,3.77,0.24,94,87,181,393,0.82
1.15,0,259,8.8,0.48,0.25,0.244,0.17,0.11,0.03,275,412,0.78,3.72,0.21,1,14,15,169,0.79
1.65,0,5391,14.74,0.51,0.27,0.263,0.17,0.12,0.01,449,458,0.6,1.77,0.12,0,24,24,400,0.59
1.4,1,1389,12.61,0.51,0.26,0.191,0.09,0.03,0.1,1488,1106,0.53,3.45,0.2,113,66,179,2340,0.62
0.6,0,563,12.02,0.47,0.27,0.202,0.05,0.01,0.05,1261,313,0.44,3.08,0.33,31,26,57,163,0.69
0.99,0,249,14.62,0.49,0.28,0.21,0.06,0.05,0.08,977,512,0.39,3.32,0.2,30,6,36,139,0.7
0.94,0,1029,7.72,0.52,0.16,0.242,0.26,0.04,0.02,659,309,0.39,2.11,0.2,1,21,22,40,0.86
2.25,0,2495,11.82,0.53,0.19,0.259,0.27,0.3,0.03,244,306,0.73,1.79,0.13,76,52,128,701,0.8
0.94,0,3594,11.73,0.48,0.34,0.248,0.05,0.04,0.15,600,603,0.19,2.57,0.13,47,22,69,937,0.52
0.97,0,2354,16.96,0.56,0.27,0.239,0.08,0.07,0,2234,888,0.61,4.28,0.21,75,81,156,392,0.8
1.05,0,2329,4.7,0.53,0.08,0.295,0.41,0.25,0,62,1057,0.65,1.69,0.12,20,35,55,160,0.76
1.19,0,3998,15.49,0.51,0.33,0.257,0.11,0.08,0.04,720,499,0.48,2.92,0.19,0,5,5,46,0.78
0.72,0,624,4.53,0.5,0.17,0.366,0.23,0.23,0.02,124,95,0.97,2.96,0.16,142,139,281,571,0.75
0.56,0,188,14.9,0.53,0.29,0.16,0.06,0.02,0.07,1482,429,0.32,3.72,0.36,19,20,39,124,0.8
1.16,1,1353,16.21,0.48,0.26,0.222,0.08,0.04,0.03,860,397,0.52,3.43,0.17,16,17,33,234,0.76
0.7,1,850,13.93,0.5,0.3,0.228,0.09,0.1,0.02,424,381,0.59,2.98,0.24,50,124,174,115,0.89
0.9,0,530,8.04,0.48,0.28,0.203,0.09,0.11,0.04,717,501,0.43,2.63,0.16,53,48,101,1504,0.7
0.88,0,148,11.72,0.53,0.25,0.222,0.13,0.1,0.03,399,234,0.75,3.36,0.3,34,10,44,150,0.87
1.3,0,1944,14.52,0.5,0.34,0.209,0.09,0.1,0.06,814,1292,0.41,2.46,0.14,3,112,115,816,0.68
1.42,0,699,11.24,0.43,0.28,0.264,0.13,0.08,0.03,874,563,0.77,3.24,0.23,75,63,138,295,0.78
1.14,0,153,4.94,0.56,0.03,0.209,0.75,0.09,0.03,48,412,0.76,1.33,0.17,26,23,49,98,0.7
1.25,0,20,16.04,0.55,0.29,0.163,0.06,0.02,0.09,1322,257,0.57,4.04,0.19,40,44,84,157,0.88
0.96,0,1643,12.04,0.49,0.32,0.227,0.09,0.15,0.05,684,874,0.39,2.49,0.21,139,156,295,562,0.72
0.84,0,2348,11.67,0.57,0.31,0.219,0.09,0.04,0.15,692,339,0.64,3.92,0.17,40,39,79,277,0.77
0.91,1,836,17.29,0.46,0.31,0.193,0.05,0.03,0,1220,512,0.3,3.02,0.22,17,12,29,126,0.8
1.11,0,2658,26.88,0.53,0.29,0.189,0.07,0.02,0.05,2080,507,0.45,3.82,0.22,39,24,63,195,0.77
0.54,0,874,1.26,0.52,0.1,0.367,0.34,0.25,0.01,278,355,0.9,3.56,0.1,0,12,12,58,0.73
1.29,0,38,18.44,0.45,0.26,0.227,0.08,0.02,0.02,2934,224,0.67,5.08,0.21,39,17,56,308,0.79
0.59,0,1510,11.75,0.52,0.28,0.276,0.08,0.12,0.08,362,239,0.69,3.04,0.26,56,47,103,371,0.84
1.16,0,749,1.64,0.52,0.08,0.32,0.32,0.24,0,61,189,0.92,1.75,0.08,81,46,127,964,0.79
0.84,0,1759,9.62,0.51,0.18,0.235,0.21,0.13,0.08,293,262,0.81,2.71,0.24,33,35,68,270,0.85
1.38,0,1016,13.07,0.48,0.23,0.299,0.14,0.07,0.06,472,562,0.65,3.42,0.18,46,38,84,195,0.8
1.22,0,405,17.27,0.53,0.31,0.188,0.08,0.04,0.12,855,793,0.5,2.92,0.16,197,168,365,766,0.66
0.47,0,101,11.72,0.48,0.28,0.182,0.09,0.03,0.05,1688,379,0.61,4.09,0.33,24,22,46,171,0.82
0.94,0,768,8.63,0.48,0.12,0.245,0.2,0.17,0.01,297,237,0.78,2.61,0.23,51,52,103,341,0.85
0.74,0,1896,12.5,0.54,0.23,0.292,0.18,0.22,0.01,246,635,0.7,2.22,0.24,165,126,291,948,0.78
1.86,1,14356,57.82,0.54,0.7,0.096,0.09,0.14,0.08,394,885,0.03,1.43,0.16,357,378,735,1436,0.62
0.97,0,153,16.92,0.49,0.29,0.19,0.07,0.02,0.03,1023,391,0.66,2.9,0.29,40,21,61,474,0.81
1.16,0,992,5.14,0.57,0.05,0.218,0.67,0.07,0.04,183,556,0.71,1.89,0.15,16,13,29,181,0.72
0.69,0,388,7.35,0.54,0.24,0.284,0.09,0.08,0.04,707,133,0.79,3.51,0.26,126,127,253,306,0.8
0.07,0,16086,0.44,0.5,0.23,0.259,0.17,0.04,0,6105,557,0.8,3.55,0.13,788,604,1392,0,0.56
0.78,0,4337,12.63,0.5,0.26,0.183,0.09,0.03,0.01,405,196,0.54,4.47,0.21,22,18,40,196,0.67
1.02,0,731,22.84,0.56,0.28,0.225,0.07,0.07,0.26,254,1153,0.31,2.73,0.15,34,20,54,127,0.82
0.2,0,996,0.29,0.47,0.07,0.354,0.44,0.29,0.06,56,283,0.93,3.72,0.11,0,8,8,142,0.76
0.84,0,969,8.7,0.52,0.24,0.267,0.14,0.11,0.02,321,463,0.6,2.13,0.26,0,20,20,87,0.72
0.83,0,775,12.23,0.43,0.25,0.229,0.07,0.05,0.1,1457,867,0.49,2.72,0.19,54,54,108,202,0.73
0.73,0,196,11.36,0.52,0.33,0.209,0.08,0.03,0.06,302,259,0.38,2.6,0.2,5,9,14,47,0.78
0.92,1,236,12.67,0.51,0.3,0.214,0.05,0.07,0.02,912,489,0.26,2.65,0.25,26,13,39,214,0.54
0.7,0,917,8.22,0.52,0.33,0.216,0.11,0.15,0.06,348,704,0.59,2.23,0.19,92,135,227,489,0.68
0.72,1,138,17.54,0.53,0.26,0.212,0.08,0.02,0.05,1036,365,0.22,3.21,0.22,7,7,14,80,0.83
0.01,0,984,0.01,0.47,0.24,0.254,0.14,0.03,0.01,544,388,0.68,3.5,0.06,0,4,4,1628,0.69
0.95,0,853,16.6,0.48,0.27,0.266,0.05,0.08,0.03,1234,536,0.52,3.48,0.2,41,14,55,269,0.8
0.94,0,533,7.11,0.47,0.21,0.31,0.17,0.18,0.01,140,86,0.86,3.03,0.21,0,19,19,181,0.76
1.29,0,433,8.53,0.49,0.22,0.341,0.13,0.1,0.05,339,231,0.8,3.12,0.15,39,43,82,241,0.86
1.25,0,2284,11,0.52,0.22,0.225,0.1,0.14,0.08,375,509,0.59,2.61,0.14,0,34,34,856,0.57
1.13,0,2347,17.91,0.4,0.51,0.161,0.1,0.21,0.05,1691,1207,0.36,2.81,0.18,193,167,360,1374,0.68
0.51,0,7043,2.86,0.54,0.08,0.213,0.6,0.13,0.01,164,324,0.85,2.17,0.15,58,37,95,1452,0.55
1,1,750,12.53,0.5,0.18,0.258,0.07,0.08,0.11,178,395,0.38,3.16,0.22,37,25,62,332,0.69
1.36,0,121,15.07,0.48,0.24,0.242,0.1,0.02,0.05,634,207,0.62,3.77,0.18,53,17,70,366,0.79
0.82,0,441,10.6,0.53,0.26,0.291,0.11,0.12,0.01,743,275,0.8,3.58,0.26,1,12,13,98,0.82
0.95,0,2085,10.34,0.47,0.22,0.347,0.13,0.12,0.08,266,520,0.56,2.38,0.2,0,28,28,109,0.74
1.11,0,96,24.79,0.49,0.24,0.227,0.07,0.03,0.05,3122,775,0.37,3.35,0.25,10,9,19,167,0.74
1.54,1,18457,57.72,0.48,0.39,0.35,0.07,0.18,0.1,74,139,0.25,1.26,0.16,73,53,126,309,0.57
0.86,0,379,13.35,0.54,0.28,0.179,0.07,0.03,0.2,1067,909,0.55,3.56,0.26,53,49,102,396,0.86
0.62,0,942,1.9,0.5,0.08,0.375,0.39,0.24,0,57,173,0.85,2.22,0.11,30,15,45,276,0.64
0.74,0,3644,10.37,0.56,0.19,0.321,0.3,0.37,0.02,84,702,0.67,1.78,0.13,231,158,389,0,0.46
0.82,0,276,11.36,0.52,0.31,0.266,0.12,0.12,0.04,383,859,0.42,1.94,0.2,41,72,113,379,0.71
0.89,0,359,13.22,0.49,0.23,0.253,0.14,0.02,0.01,4462,571,0.49,3.59,0.22,53,31,84,3711,0.85
1.46,1,18192,32.87,0.54,0.32,0.3,0.19,0.14,0.07,283,415,0.12,1.59,0.17,165,166,331,823,0.59
0.72,0,389,12.57,0.52,0.31,0.257,0.12,0.2,0,475,694,0.61,2.54,0.26,19,19,38,261,0.84
2.3,0,71,4.97,0.56,0.04,0.191,0.71,0.15,0,162,243,0.86,1.9,0.15,11,4,15,109,0.93
0.02,0,316,0.05,0.52,0.28,0.179,0.07,0.03,0.02,2923,323,0.57,3.93,0.08,15,10,25,366,0.56
0.07,0,1046,0.08,0.47,0.23,0.285,0.09,0.03,0,962,72,0.81,3.75,0.06,17,17,34,273,0.79
0.22,0,676,1.35,0.49,0.22,0.215,0.17,0.07,0.01,1181,642,0.72,3.23,0.18,0,0,0,23,0.77
0.12,0,4245,1.1,0.52,0.27,0.228,0.11,0.02,0.02,1229,568,0.47,3.43,0.17,0,0,0,1,0.67
0.03,0,425,0.1,0.41,0.24,0.239,0.17,0.03,0.03,1537,189,0.82,3.11,0.18,0,1,1,24,0.84
0.13,0,544,0.16,0.55,0.21,0.272,0.29,0.06,0,344,185,0.78,2.68,0.08,0,0,0,136,0.83
0.21,0,4441,0.73,0.52,0.1,0.246,0.37,0.15,0,313,258,0.76,3.05,0.1,0,2,2,31,0.77
0.41,0,277,0.81,0.54,0.08,0.279,0.35,0.24,0,82,246,0.74,2.4,0.13,0,0,0,1,0.9
0.01,0,979,0.01,0.39,0.26,0.147,0.07,0.06,0,64,97,0.16,2.84,0.04,0,1,1,81,0.73
0.89,0,7853,10.3,0.47,0.3,0.229,0.26,0.09,0,423,619,0.3,1.97,0.14,0,1,1,4,0.73
0.15,0,451,0.07,0.52,0.1,0.363,0.27,0.13,0,90,302,0.81,2.26,0.04,0,0,0,87,0.9
0.03,0,1852,0.05,0.47,0.12,0.299,0.35,0.11,0.01,882,775,0.83,3.1,0.11,0,0,0,76,0.76
0.02,0,1551,0.09,0.52,0.14,0.348,0.22,0.07,0,536,846,0.76,2.73,0.19,0,1,1,21,0.84
0.28,0,3981,0.91,0.44,0.31,0.227,0.32,0.13,0.01,402,167,0.76,2,0.12,0,1,1,25,0.72
0.03,0,470,0.01,0.49,0.26,0.289,0.25,0.05,0.01,784,373,0.86,2.05,0.04,0,1,1,904,0.89
0.51,0,857,1.08,0.5,0.15,0.245,0.4,0.16,0.02,218,475,0.65,1.6,0.12,0,0,0,2,0.96
1.05,0,1180,3.43,0.51,0.17,0.286,0.39,0.18,0.02,139,254,0.53,1.76,0.1,0,0,0,1,0.84
0.39,0,1550,0.79,0.54,0.1,0.294,0.34,0.19,0.01,231,245,0.7,1.8,0.09,0,1,1,3,0.79
2.29,0,259,4.35,0.57,0.03,0.275,0.69,0.22,0.01,39,162,0.91,1.6,0.16,0,1,1,11,0.81
0.81,1,14842,27.5,0.54,0.35,0.12,0.1,0.18,0.11,242,620,0.23,2.68,0.11,144,104,248,695,0.08
2.11,0,1009,14.58,0.49,0.27,0.287,0.2,0.14,0.04,317,588,0.52,2.16,0.14,23,18,41,150,0.76
0.97,0,331,12.95,0.46,0.19,0.286,0.15,0.11,0.04,672,866,0.43,2.46,0.25,28,30,58,66,0.82
0.84,0,556,2,0.5,0.11,0.346,0.24,0.26,0.02,203,178,0.96,3.02,0.15,77,42,119,898,0.72
0.49,0,623,3.93,0.52,0.25,0.182,0.07,0.05,0.07,1100,202,0.74,4.12,0.2,78,69,147,354,0.77
0.47,0,16196,5.87,0.4,0.3,0.117,0.06,0.03,0.16,26,218,0.33,2.62,0.1,143,111,254,4365,0.21
0.58,0,6910,8.54,0.5,0.29,0.192,0.04,0.04,0.07,1330,762,0.64,3.88,0.18,43,25,68,457,0.66
0.95,0,478,7.04,0.48,0.16,0.335,0.14,0.27,0.02,267,220,0.73,2.12,0.17,0,2,2,64,0.74
1.5,0,1750,4.79,0.52,0.07,0.247,0.3,0.19,0.03,306,190,0.89,3.25,0.13,0,31,31,178,0.67
0.91,0,735,6.66,0.54,0.13,0.232,0.08,0.23,0.06,240,263,0.84,3.51,0.18,0,79,79,185,0.74
1.38,0,980,5.35,0.51,0.11,0.274,0.09,0.21,0.01,459,116,0.97,5.3,0.15,0,31,31,155,0.8
0.78,0,1079,3.6,0.5,0.07,0.353,0.08,0.19,0.02,305,168,0.91,2.44,0.16,0,18,18,126,0.72
0.44,0,779,3.16,0.48,0.1,0.319,0.13,0.22,0.03,128,64,0.96,2.49,0.26,0,6,6,149,0.7
0.85,0,113,4.06,0.54,0,0.176,0.81,0.26,0.02,38,147,0.92,1.59,0.18,0,11,11,67,0.84
0.61,0,2257,1.86,0.49,0.11,0.352,0.3,0.28,0,365,54,0.93,3.05,0.13,142,98,240,1566,0.8
0.72,1,550,14.24,0.49,0.27,0.245,0.13,0.05,0.11,348,568,0.13,2.35,0.17,63,49,112,312,0.55
1.34,1,145,18.71,0.55,0.25,0.218,0.09,0.06,0.21,393,846,0.38,3.4,0.17,30,29,59,139,0.73
1.12,0,3521,21.55,0.47,0.28,0.274,0.16,0.24,0.05,441,921,0.41,1.78,0.18,82,50,132,346,0.8
1.83,1,475,34.58,0.52,0.38,0.172,0.06,0.05,0.23,579,736,0.14,2.8,0.16,59,77,136,155,0.67
1.48,1,145,7.8,0.51,0.2,0.24,0.2,0.2,0.04,226,201,0.8,2.81,0.2,37,12,49,258,0.8
1.18,1,1931,11.82,0.53,0.2,0.256,0.18,0.11,0.05,433,456,0.53,2.58,0.15,90,74,164,477,0.57
1.02,0,4086,23.68,0.43,0.26,0.276,0.18,0.23,0.09,643,995,0.36,1.82,0.21,64,66,130,272,0.77
1.25,0,6886,31.09,0.51,0.2,0.252,0.12,0.22,0.05,753,554,0.52,2.2,0.17,136,114,250,652,0.71
1.41,0,4713,14.35,0.56,0.22,0.268,0.18,0.31,0.01,167,500,0.65,1.49,0.17,68,63,131,994,0.73
1.39,0,5341,24.29,0.47,0.35,0.252,0.09,0.17,0,546,359,0.44,2.18,0.15,407,364,771,2795,0.68
0.27,0,11407,3.07,0.54,0.32,0.186,0.05,0.08,0.17,910,480,0.6,3.9,0.17,72,76,148,889,0.53
0.56,1,28566,8.49,0,0,0,0,0,0,0,0,0,0,0.07,955,842,1797,21202,0.14
0.53,0,270,4.87,0.5,0.21,0.211,0.06,0.1,0.23,1147,290,0.74,3.78,0.21,16,14,30,168,0.76
0.86,0,291,24.98,0.49,0.44,0.166,0.08,0.09,0.04,1044,1167,0.23,2.37,0.24,0,7,7,52,0.55
1.01,0,34,16.42,0.54,0.28,0.193,0.11,0.09,0.05,267,887,0.56,2.68,0.22,0,13,13,56,0.76
0.8,0,379,19.11,0.52,0.3,0.279,0.06,0.15,0.07,840,1074,0.37,2.41,0.25,0,49,49,112,0.66
1.29,0,1168,11.33,0.45,0.22,0.254,0.12,0.13,0.02,562,419,0.64,2.95,0.19,0,13,13,186,0.75
0.9,0,452,9.62,0.5,0.19,0.239,0.09,0.22,0.09,629,297,0.81,3.68,0.24,0,36,36,73,0.72
0.76,0,140,4.42,0.56,0.04,0.226,0.6,0.16,0.05,25,182,0.86,1.9,0.23,0,1,1,47,0.74
0.92,0,160,8.48,0.5,0.16,0.267,0.09,0.17,0.07,372,378,0.82,3.14,0.24,0,15,15,25,0.79
1.08,0,2291,10.85,0.52,0.24,0.274,0.1,0.22,0.04,401,325,0.67,2.58,0.2,186,174,360,645,0.65
0.8,0,914,9.34,0.52,0.25,0.262,0.1,0.15,0.04,171,279,0.8,4.42,0.24,85,105,190,357,0.77
1.15,0,223,6.75,0.48,0.19,0.233,0.1,0.18,0.02,156,146,0.79,2.27,0.2,45,47,92,814,0.8
0.88,0,4367,10.71,0.53,0.24,0.196,0.05,0.18,0.09,862,912,0.75,3.36,0.24,276,249,525,1359,0.83
0.82,0,870,6.54,0.52,0.22,0.275,0.07,0.16,0.01,267,154,0.84,4.33,0.24,77,58,135,398,0.83
0.86,0,231,7.47,0.56,0.19,0.217,0.11,0.18,0.01,234,175,0.74,3.86,0.24,24,9,33,324,0.82
1.24,0,14543,56.51,0.46,0.31,0.251,0.14,0.31,0.03,365,1000,0.39,1.87,0.2,178,235,413,870,0.5
1.18,0,1881,42.51,0.49,0.3,0.157,0.03,0.02,0.12,545,717,0.03,3.25,0.18,63,57,120,1558,0.53
1.09,1,1383,26,0.49,0.29,0.181,0.05,0.04,0.21,935,685,0.27,3.18,0.19,30,60,90,402,0.6
0.95,1,963,29.82,0.5,0.26,0.163,0.05,0.03,0.08,847,1034,0.07,3.07,0.14,40,21,61,237,0.68
1.06,0,132,21.38,0.52,0.28,0.21,0.07,0.03,0.04,1464,882,0.5,3.5,0.24,17,10,27,232,0.82
1.64,1,25095,80.45,0.43,0.31,0.306,0.1,0.23,0.05,439,850,0.23,1.6,0.11,202,198,400,594,0.61
1.45,1,23401,80.33,0.46,0.37,0.212,0.14,0.24,0.04,450,683,0.32,1.51,0.18,186,140,326,1058,0.61
0.94,0,1143,10.44,0.49,0.22,0.339,0.15,0.15,0.11,242,263,0.76,2.35,0.23,76,55,131,495,0.76
1.23,0,1218,13.31,0.54,0.23,0.312,0.17,0.18,0.07,444,393,0.32,1.81,0.18,112,68,180,461,0.77
1.25,0,356,16.32,0.47,0.32,0.216,0.09,0.03,0.09,1007,625,0.33,3.04,0.18,36,13,49,3169,0.89
1.12,0,306,4.3,0.54,0.16,0.374,0.11,0.28,0.01,115,144,0.89,2.4,0.13,31,46,77,116,0.73
1.43,0,563,15.91,0.48,0.32,0.175,0.08,0.06,0.25,1071,666,0.4,3.3,0.17,38,23,61,732,0.74
1.04,0,465,3.66,0.49,0.18,0.329,0.12,0.1,0.01,183,236,0.76,2.69,0.15,0,9,9,827,0.74
0.98,0,586,13.19,0.44,0.32,0.283,0.12,0.16,0.03,196,444,0.58,2.87,0.26,0,4,4,35,0.86
0.77,0,701,15.52,0.52,0.31,0.198,0.15,0.22,0.02,401,901,0.56,2.06,0.39,0,21,21,77,0.77
1.06,0,645,8.29,0.51,0.19,0.249,0.13,0.25,0,422,590,0.72,2.62,0.21,1,24,25,212,0.77
0.66,0,6926,14.59,0.5,0.3,0.285,0.05,0.3,0.06,397,122,0.58,2.95,0.12,64,87,151,659,0.77
0.92,0,2103,6.85,0.51,0.15,0.319,0.19,0.26,0.01,432,118,0.94,2.87,0.19,64,56,120,1479,0.87
1.15,0,796,10.88,0.49,0.25,0.277,0.11,0.23,0.01,622,748,0.62,2.4,0.21,99,39,138,1490,0.71
0.9,0,133,6,0.55,0.29,0.182,0.04,0.13,0.04,396,584,0.58,2.84,0.14,59,29,88,628,0.72
0.57,0,273,6.2,0.49,0.29,0.204,0.13,0.14,0.07,479,625,0.7,2.36,0.22,9,39,48,797,0.68
0.69,0,172,6.51,0.48,0.19,0.253,0.29,0.16,0,244,449,0.78,2.82,0.24,7,3,10,684,0.87
0.95,0,2592,7.83,0.51,0.37,0.238,0.11,0.16,0.05,339,475,0.34,2.32,0.13,187,189,376,2149,0.56
1.01,0,574,11.67,0.47,0.27,0.261,0.1,0.14,0.02,205,168,0.72,2.73,0.21,17,4,21,115,0.79
0.11,0,1350,0.51,0.5,0.29,0.172,0.06,0.05,0.08,827,353,0.65,4.46,0.13,0,5,5,26,0.43
0.94,1,6650,54.78,0.51,0.35,0.208,0.03,0.06,0.25,520,488,0.03,2.25,0.09,48,69,117,86,0.12
0.86,0,1729,1.06,0.52,0.01,0.364,0.51,0.33,0.01,262,387,0.86,1.45,0.09,0,6,6,127,0.77
0.1,0,209,0.23,0.51,0.22,0.285,0.15,0.07,0.05,590,315,0.78,3.11,0.16,0,2,2,32,0.8
1.69,0,1169,4.34,0.54,0,0.086,0.91,0.3,0.01,44,72,0.84,1.33,0.12,0,2,2,39,0.76
0.3,0,430,1.42,0.48,0.24,0.192,0.1,0.1,0.12,2365,473,0.85,3.59,0.18,0,13,13,259,0.68
0.12,0,164,4.77,0.94,0.44,0.176,0.01,0.04,0.08,969,0,0,0,0.07,0,0,0,18,0
1.3,0,541,13.56,0.55,0.22,0.232,0.07,0.1,0.09,952,226,0.71,2.99,0.21,0,28,28,35,0.68
1.39,1,4943,23.73,0.47,0.28,0.213,0.06,0.07,0.17,432,479,0.24,2.34,0.12,94,52,146,1675,0.48
1.48,0,1226,15.14,0.52,0.25,0.238,0.38,0.22,0.02,361,752,0.68,1.94,0.18,201,118,319,1091,0.75
0.62,0,339,1.88,0.45,0.22,0.211,0.11,0.17,0.01,314,122,0.95,3.79,0.12,17,10,27,3488,0.74
1.17,0,127,9.37,0.54,0.19,0.294,0.18,0.19,0.06,56,95,0.73,3.16,0.23,12,2,14,140,0.77
1.38,0,2657,9.48,0.57,0.09,0.24,0.53,0.12,0.04,176,351,0.66,1.89,0.17,0,10,10,27,0.73
0.77,0,9331,10.73,0.52,0.19,0.333,0.08,0.19,0.09,342,660,0.6,2.29,0.15,263,214,477,2382,0.68
0.95,0,7718,17.01,0.56,0.2,0.358,0.11,0.25,0.02,141,685,0.63,2.09,0.18,75,73,148,507,0.62
0.93,0,2553,10.38,0.53,0.23,0.276,0.11,0.21,0.06,304,758,0.68,2.62,0.19,81,66,147,630,0.57
1.38,0,2452,10.11,0.53,0.25,0.297,0.1,0.29,0.01,419,692,0.57,2.27,0.12,302,277,579,1796,0.66
1.16,0,867,10.3,0.55,0.23,0.31,0.09,0.26,0.06,535,533,0.79,2.84,0.27,46,33,79,1737,0.74
0.76,0,1902,7.85,0.5,0.18,0.306,0.13,0.2,0.01,367,111,0.8,3.43,0.22,24,11,35,1806,0.76
1.33,0,4895,12.55,0.49,0.3,0.263,0.07,0.19,0.05,318,379,0.66,2.65,0.12,255,246,501,2102,0.5
1,0,35,8.35,0.55,0.16,0.28,0.1,0.23,0.11,128,161,0.86,2.99,0.2,23,26,49,165,0.75
1.07,0,472,7.67,0.49,0.19,0.3,0.13,0.19,0.09,541,316,0.76,3.1,0.21,104,127,231,425,0.66
1.03,0,223,7.23,0.49,0.2,0.311,0.15,0.13,0.05,687,347,0.79,2.71,0.18,31,18,49,275,0.75
0.87,0,2133,9.83,0.46,0.33,0.193,0.07,0.14,0.05,151,436,0.32,2.73,0.16,35,41,76,1546,0.57
0.66,0,873,8.43,0.47,0.2,0.181,0.27,0.12,0.02,463,345,0.8,3.84,0.17,43,27,70,741,0.6
0.59,0,504,3.69,0.49,0.19,0.225,0.08,0.15,0.03,156,166,0.74,3.36,0.2,69,35,104,596,0.71
0.94,0,573,7.48,0.49,0.09,0.33,0.09,0.18,0.01,235,79,0.91,3.37,0.23,56,50,106,407,0.84
1.26,0,159,9.07,0.5,0.24,0.2,0.07,0.17,0.09,723,374,0.74,3.79,0.16,29,44,73,321,0.78
1.18,0,1288,9.04,0.51,0.33,0.165,0.05,0.21,0.06,730,526,0.7,2.92,0.23,269,228,497,928,0.76
0.81,0,2918,5.57,0.49,0.14,0.3,0.1,0.18,0.03,308,77,0.97,3.4,0.14,55,69,124,1326,0.61
0.79,0,3316,7.39,0.55,0.2,0.289,0.19,0.18,0.02,420,385,0.7,2.29,0.14,1,38,39,152,0.58
1.17,0,470,4.29,0.57,0,0.206,0.79,0.15,0.04,37,257,0.94,1.64,0.14,0,21,21,57,0.74
1.1,0,646,7.05,0.49,0.27,0.272,0.15,0.08,0.04,346,453,0.54,2.35,0.22,0,11,11,76,0.72
0.77,0,644,11.62,0.5,0.26,0.212,0.04,0.04,0.07,1972,379,0.64,4.17,0.21,1,7,8,61,0.76
1.51,0,605,14.48,0.47,0.18,0.263,0.07,0.07,0.03,373,309,0.7,3.58,0.15,52,64,116,364,0.86
1.15,0,240,16.06,0.49,0.26,0.19,0.12,0.07,0.06,618,308,0.54,3.18,0.19,40,41,81,271,0.88
0.97,1,3043,15.51,0.52,0.26,0.194,0.08,0.1,0.05,1819,1070,0.42,3.2,0.17,49,63,112,379,0.78
0.85,0,914,12.45,0.55,0.25,0.248,0.1,0.05,0.03,726,109,0.74,3.78,0.24,23,37,60,174,0.81
1.01,1,128,16.83,0.47,0.33,0.197,0.07,0.05,0.04,1789,350,0.57,3.9,0.24,34,10,44,221,0.85
0.59,1,408,21.84,0.53,0.29,0.155,0.06,0.03,0.02,1302,781,0.33,3.61,0.33,37,62,99,74,0.8
1.16,0,938,12.38,0.5,0.24,0.266,0.12,0.07,0,998,420,0.82,4,0.21,102,52,154,439,0.82
1.15,1,789,7.89,0.49,0.16,0.287,0.18,0.19,0.15,334,278,0.74,3.03,0.22,37,33,70,210,0.82
0.88,0,472,8.71,0.48,0.23,0.255,0.17,0.1,0.07,769,467,0.52,2.04,0.2,105,98,203,417,0.76
1.18,1,1035,10.46,0.57,0.16,0.205,0.32,0.2,0.04,806,407,0.46,1.45,0.2,47,18,65,397,0.81
1.24,0,213,5.59,0.49,0.13,0.32,0.19,0.27,0.01,126,184,0.97,2.92,0.19,57,77,134,664,0.77
1.71,0,5849,16.51,0.56,0.18,0.226,0.21,0.21,0.03,417,729,0.52,1.75,0.15,113,93,206,879,0.79
1.67,0,461,15.54,0.51,0.24,0.221,0.05,0.04,0.02,1248,238,0.58,3.37,0.18,24,14,38,199,0.79
1.01,0,3005,15.82,0.5,0.24,0.211,0.07,0.02,0.03,1440,810,0.39,3.82,0.15,36,55,91,370,0.74
1.27,0,1095,10.17,0.47,0.24,0.365,0.12,0.17,0.12,1023,969,0.54,1.89,0.16,179,150,329,982,0.78
1.04,0,5184,14.65,0.51,0.27,0.239,0.13,0.23,0.04,652,1002,0.47,1.68,0.2,189,117,306,1133,0.75
1.33,0,1219,19.24,0.52,0.34,0.261,0.09,0.11,0.05,613,484,0.24,2.07,0.12,87,59,146,1219,0.68
1.38,0,1538,13.2,0.45,0.33,0.248,0.08,0.13,0.04,1051,522,0.54,2.44,0.2,206,160,366,2431,0.7
1.14,0,598,4.02,0.51,0.09,0.337,0.37,0.29,0.01,118,462,0.8,2.17,0.14,1,19,20,66,0.71
0.43,0,355,3.1,0.53,0.17,0.29,0.19,0.16,0.04,9,40,0.84,3.77,0.22,0,8,8,38,0.72
1.04,1,2454,12.89,0.52,0.34,0.217,0.07,0.06,0.03,1167,1124,0.23,2.6,0.15,120,77,197,798,0.53
1.27,0,1050,11.39,0.49,0.24,0.274,0.16,0.1,0.03,760,494,0.76,3,0.19,46,18,64,394,0.81
1.11,0,5420,15.67,0.53,0.18,0.276,0.18,0.08,0.09,520,526,0.45,2.24,0.18,62,70,132,444,0.74
0.89,0,663,8.28,0.52,0.23,0.218,0.15,0.09,0.02,743,450,0.72,3.9,0.19,48,47,95,223,0.74
1.04,0,493,10.53,0.5,0.21,0.25,0.14,0.06,0.1,576,482,0.62,2.44,0.22,44,35,79,361,0.81
1.11,0,1390,13.4,0.5,0.21,0.291,0.1,0.07,0.06,675,901,0.59,3.42,0.22,59,38,97,408,0.79
1.03,0,2773,9.57,0.42,0.26,0.214,0.07,0.05,0.05,386,444,0.34,2.87,0.15,63,31,94,750,0.56
1.93,0,10158,15.19,0.51,0.07,0.364,0.29,0.29,0,142,368,0.85,1.9,0.12,209,183,392,2820,0.65
0.85,0,844,10.04,0.5,0.23,0.305,0.19,0.09,0.01,388,344,0.8,2.51,0.24,10,13,23,149,0.78
0.96,0,2331,11.95,0.51,0.25,0.277,0.1,0.11,0.05,936,579,0.61,2.81,0.24,121,75,196,322,0.65
0.95,0,2570,11.21,0.56,0.28,0.223,0.08,0.09,0.12,877,500,0.47,2.59,0.19,28,40,68,276,0.55
0.64,0,2511,6.96,0.56,0.29,0.248,0.08,0.11,0.07,259,299,0.5,2.63,0.15,119,91,210,1098,0.58
0.82,0,121,5.73,0.47,0.24,0.244,0.1,0.05,0.08,623,352,0.49,3,0.17,18,6,24,189,0.75
1.31,0,594,10.63,0.53,0.28,0.214,0.07,0.07,0.12,719,421,0.69,3.62,0.17,26,23,49,188,0.79
0.26,0,986,3.33,0.56,0.08,0.305,0.35,0.27,0.01,55,401,0.89,2.41,0.15,0,2,2,63,0.58
0.89,0,146,21.47,0.49,0.29,0.201,0.07,0.01,0.02,3754,432,0.67,4.76,0.4,22,11,33,171,0.85
1.05,0,749,16.69,0.48,0.27,0.234,0.05,0.02,0.01,4474,335,0.59,4.5,0.25,132,98,230,468,0.74
0.83,0,349,16.49,0.53,0.29,0.114,0.04,0.03,0.1,2491,1413,0.29,3.65,0.15,63,71,134,2546,0.69
1.04,0,1781,15.75,0.5,0.27,0.117,0.02,0.01,0.05,785,368,0.06,3.7,0.09,68,51,119,2557,0.16
0.37,0,1846,8.44,0.5,0.31,0.177,0.09,0.03,0.02,225,157,0.66,4.45,0.19,22,8,30,1079,0.81
1.26,0,396,23.57,0.51,0.28,0.149,0.07,0.01,0.06,543,414,0.31,3.43,0.18,20,18,38,1359,0.76
0.62,0,429,19.47,0.48,0.25,0.155,0.04,0,0,1136,967,0.44,4.22,0.23,20,22,42,862,0.89
0.83,0,1588,14.05,0.47,0.33,0.139,0.05,0.01,0.02,1067,791,0.4,4.13,0.21,22,13,35,2200,0.84
1.01,0,4321,17.82,0.47,0.45,0.172,0.08,0.15,0.11,1709,1562,0.27,2.2,0.14,300,254,554,3907,0.71
1.47,0,2873,9.12,0.51,0.26,0.278,0.17,0.23,0.02,90,512,0.59,1.95,0.14,83,79,162,2437,0.74
1.12,1,2549,11.49,0.49,0.31,0.246,0.1,0.11,0.05,1226,929,0.31,2.32,0.19,102,63,165,3917,0.75
2.34,1,2918,16.63,0.5,0.43,0.21,0.1,0.26,0.1,137,759,0.3,1.41,0.14,187,127,314,4215,0.66
0.87,1,483,15.46,0.47,0.34,0.149,0.07,0.06,0.06,772,428,0.29,2.86,0.27,27,40,67,89,0.81
1.39,0,11554,45.41,0.4,0.32,0.223,0.08,0.05,0.02,794,330,0.28,2.58,0.15,99,84,183,4947,0.82
1.48,1,3849,13.8,0.48,0.21,0.201,0.08,0.04,0.08,1480,549,0.17,2.84,0.14,107,55,162,6776,0.76
0.45,1,3236,22.31,0.14,0.35,0.262,0.01,0.02,0.15,83,0,0,0,0.04,11,11,22,29,0.36
0.58,1,699,15.45,0.51,0.41,0.154,0.02,0.05,0.05,1255,965,0.17,3.19,0.15,35,60,95,2353,0.75
1.22,1,1067,13.49,0.52,0.29,0.243,0.1,0.14,0.02,1093,380,0.53,2.74,0.18,64,61,125,374,0.83
0.02,0,459,0.01,0.52,0.08,0.32,0.43,0.17,0,200,208,0.88,2.68,0.08,0,0,0,0,0.88
0.87,0,5787,13.68,0.54,0.33,0.237,0.18,0.2,0.11,390,215,0.51,2.41,0.17,175,175,350,686,0.65
0.94,0,981,10.65,0.52,0.25,0.257,0.17,0.22,0.04,490,825,0.54,2.1,0.18,128,63,191,687,0.71
1.15,0,849,9.48,0.5,0.22,0.278,0.2,0.22,0.03,685,463,0.83,3.46,0.19,123,109,232,1611,0.77
1.08,0,2762,12.57,0.5,0.25,0.319,0.14,0.19,0.01,481,578,0.75,2.56,0.19,64,60,124,521,0.84
1.76,0,2524,10.29,0.5,0.11,0.331,0.18,0.26,0.04,261,285,0.66,1.63,0.12,86,44,130,722,0.73
1.03,0,1928,13.62,0.5,0.22,0.272,0.13,0.23,0.04,230,429,0.59,2.26,0.17,219,258,477,678,0.86
1.11,0,4042,13.36,0.56,0.22,0.257,0.11,0.22,0.03,200,577,0.69,1.86,0.19,246,138,384,1690,0.72
0.86,1,211,16.23,0.52,0.3,0.225,0.06,0.03,0.21,904,643,0.33,3.44,0.22,17,10,27,1260,0.92
1.48,1,7945,25.92,0.5,0.35,0.23,0.04,0.1,0.22,2123,1827,0.15,2.58,0.17,295,202,497,5459,0.56
1.43,1,5779,10.99,0.5,0.26,0.122,0.02,0.05,0.19,411,148,0.1,3.24,0.15,213,155,368,5120,0.28
1.12,1,6163,12.61,0.5,0.51,0.193,0.14,0.16,0.09,297,467,0.18,1.5,0.18,125,60,185,1071,0.52
2.31,1,50271,160.65,0.21,0.47,0.311,0.05,0.19,0.13,104,322,0.23,1.26,0.11,404,404,808,1360,0.56
1.28,1,2097,9.74,0.39,0.3,0.334,0.1,0.05,0.13,243,105,0.52,2.07,0.22,60,42,102,350,0.69
1.1,0,1166,13.45,0.55,0.26,0.147,0.08,0.01,0.35,857,448,0.07,3.04,0.25,11,5,16,205,0.65
1.19,0,2136,9.14,0.48,0.28,0.273,0.15,0.25,0.02,375,239,0.62,2.68,0.17,70,125,195,1490,0.75
0.68,0,18044,14.6,0.51,0.24,0.29,0.13,0.25,0.04,644,346,0.69,3.08,0.12,410,341,751,2878,0.49
0.73,0,10428,26.35,0.52,0.43,0.177,0.06,0.16,0.18,1498,1818,0.18,2.33,0.15,236,215,451,1687,0.54
0.35,0,1494,6.55,0.46,0.27,0.252,0.12,0.15,0.14,539,455,0.56,2.57,0.17,40,48,88,358,0.74
0.83,0,2934,8.31,0.51,0.2,0.331,0.19,0.28,0.03,336,266,0.88,3.4,0.18,69,82,151,1880,0.54
1.3,0,1819,17.78,0.48,0.46,0.189,0.05,0.24,0.18,1366,2113,0.29,2.36,0.18,144,100,244,678,0.75
1.12,0,808,8.55,0.49,0.22,0.257,0.2,0.08,0.03,462,235,0.7,2.32,0.18,128,76,204,1216,0.86
0.74,0,357,10.98,0.48,0.31,0.237,0.12,0.09,0.01,1112,504,0.72,3.13,0.3,16,9,25,117,0.79
1.44,0,1246,9.66,0.53,0.21,0.29,0.18,0.27,0.01,294,564,0.65,2.21,0.18,0,20,20,188,0.69
1.42,0,769,10.69,0.54,0.24,0.252,0.17,0.26,0.02,293,1004,0.56,2.11,0.18,0,58,58,141,0.77
1.32,0,326,12.24,0.46,0.26,0.278,0.09,0.13,0.03,587,730,0.63,3.16,0.23,0,47,47,1179,0.82
1.13,0,1899,8.95,0.53,0.21,0.287,0.21,0.14,0,139,490,0.73,2.3,0.23,0,27,27,905,0.85
1.32,0,691,25.41,0.5,0.26,0.18,0.03,0.05,0.07,959,755,0.16,3.13,0.17,0,17,17,63,0.77
0.97,0,532,18.8,0.51,0.26,0.23,0.1,0.04,0,396,321,0.4,3.02,0.28,0,1,1,20,0.83
1.52,0,277,25,0.53,0.33,0.166,0.05,0.04,0.07,492,903,0.15,3.13,0.14,0,8,8,98,0.54
1.19,0,343,7.54,0.48,0.27,0.289,0.11,0.14,0.01,487,493,0.83,3.01,0.23,1,36,37,1266,0.78
1.15,0,10977,25.89,0.46,0.27,0.199,0.18,0.23,0.05,359,1199,0.37,1.78,0.19,200,116,316,1128,0.73
0.94,0,750,17.54,0.43,0.3,0.221,0.13,0.08,0.08,614,630,0.21,2.13,0.12,31,45,76,174,0.87
1.07,0,5315,27.16,0.49,0.36,0.176,0.08,0.11,0.04,2619,1139,0.15,2.23,0.15,193,144,337,781,0.68
1.15,1,1558,14,0.41,0.43,0.228,0.08,0.2,0.05,379,544,0.31,1.75,0.15,67,58,125,444,0.74
1.37,1,322,9.38,0.48,0.28,0.274,0.12,0.17,0.06,425,422,0.5,1.56,0.16,50,29,79,236,0.89
0.51,1,709,17.58,0.54,0.32,0.18,0.12,0.08,0.05,782,586,0.53,2.89,0.26,46,54,100,215,0.84
0.95,0,330,31.41,0.47,0.45,0.125,0.06,0.05,0.13,1149,1469,0.09,2.31,0.06,61,58,119,176,0.31
1.02,1,511,18.65,0.48,0.3,0.204,0.08,0.06,0.07,1775,1271,0.28,2.58,0.16,91,101,192,591,0.72
0.9,0,816,13.31,0.5,0.24,0.223,0.1,0.08,0.1,637,370,0.6,2.49,0.17,78,72,150,336,0.6
0.66,1,792,22.47,0.49,0.36,0.162,0.05,0.04,0.11,1557,1191,0.17,2.85,0.16,23,21,44,204,0.69
0.97,0,386,30.27,0.48,0.49,0.148,0.03,0.08,0.13,1022,1103,0.19,2.42,0.1,67,93,160,194,0.61
1.21,0,7323,19.59,0.52,0.34,0.206,0.08,0.08,0.07,903,1124,0.27,2.4,0.12,237,217,454,3644,0.46
1.93,0,4496,11.78,0.49,0.32,0.209,0.13,0.13,0.04,591,480,0.44,2.17,0.11,240,192,432,3880,0.52
1.52,0,4328,17.32,0.52,0.32,0.248,0.13,0.19,0,199,163,0.71,2.6,0.13,73,67,140,1666,0.69
1.16,0,1892,13.24,0.49,0.31,0.264,0.1,0.18,0.09,833,1021,0.52,2.17,0.18,227,225,452,1062,0.63
0.07,0,5049,0.23,0.4,0,0.4,0,0,0,0,0,1,0,0.08,35,110,145,4518,0.07
1.3,0,1627,10.78,0.52,0.25,0.222,0.17,0.24,0.02,249,554,0.76,3.4,0.2,104,132,236,874,0.78
1.18,0,1597,12.56,0.42,0.37,0.228,0.13,0.2,0.03,700,656,0.47,2.64,0.18,272,278,550,1657,0.77
0.76,0,705,14.37,0.48,0.24,0.19,0.07,0.05,0.02,700,423,0.52,3.16,0.24,42,32,74,195,0.71
1.04,0,380,10.38,0.5,0.25,0.249,0.11,0.1,0.04,1202,531,0.7,3.99,0.21,46,19,65,330,0.8
0.89,1,1460,12.54,0.49,0.24,0.252,0.09,0.09,0.05,714,550,0.61,3.03,0.25,54,62,116,421,0.79
1.24,0,982,9.72,0.46,0.25,0.252,0.14,0.19,0.03,565,590,0.85,3.05,0.2,82,68,150,695,0.76
0.8,0,322,4.7,0.58,0.18,0.295,0.19,0.19,0,206,237,0.73,2.85,0.19,72,29,101,1731,0.69
1.59,0,742,9.26,0.54,0.15,0.266,0.21,0.22,0.01,242,302,0.82,2.76,0.19,100,75,175,2023,0.68
0.97,0,565,10.31,0.46,0.32,0.235,0.1,0.16,0.01,418,209,0.73,2.62,0.25,40,25,65,853,0.72
1.02,0,921,11.55,0.48,0.29,0.269,0.12,0.16,0.1,1037,417,0.79,4.23,0.24,118,61,179,610,0.78
1.19,0,133,8.66,0.51,0.23,0.249,0.11,0.15,0.04,151,462,0.69,2.9,0.22,26,10,36,770,0.8
0.98,0,99,9.3,0.56,0.28,0.221,0.09,0.16,0.03,315,589,0.56,2.44,0.21,64,71,135,224,0.73
1.05,0,970,9.29,0.5,0.17,0.357,0.16,0.22,0.02,85,62,0.88,4.5,0.18,229,243,472,378,0.79
0.82,0,7671,10.53,0.48,0.27,0.214,0.07,0.09,0.03,1702,397,0.58,3.71,0.16,258,220,478,6373,0.52
0.73,0,2410,12.23,0.53,0.32,0.219,0.07,0.09,0.01,924,673,0.51,2.76,0.23,221,167,388,2982,0.66
0.95,0,221,9.61,0.5,0.22,0.278,0.15,0.09,0.01,231,238,0.92,4.72,0.27,0,5,5,60,0.77
1.08,0,764,12.6,0.51,0.28,0.195,0.05,0.11,0.19,2119,197,0.72,4.17,0.24,77,63,140,386,0.71
1.56,0,718,12.03,0.48,0.23,0.16,0.07,0.11,0.18,895,538,0.66,4.74,0.27,43,44,87,209,0.8
0.92,0,9389,18.3,0.51,0.45,0.131,0.06,0.32,0.14,287,658,0.2,2.19,0.11,156,106,262,1898,0.33
0.7,0,8716,4.66,0.52,0.13,0.4,0.23,0.26,0,223,476,0.93,2.77,0.14,57,37,94,409,0.69
0.31,0,1782,0.44,0.52,0.08,0.411,0.32,0.34,0.01,140,105,0.91,2.09,0.1,0,24,24,195,0.86
0.75,0,1428,2.69,0.54,0.12,0.33,0.22,0.26,0.01,183,129,0.92,2.74,0.12,0,6,6,29,0.8
0.48,0,351,45.67,0.51,0.35,0.197,0.06,0.08,0.12,848,991,0.04,2.4,0.1,0,31,31,25,0.57
1.18,0,425,8.64,0.53,0.2,0.303,0.12,0.19,0.08,516,338,0.91,3.4,0.21,63,37,100,409,0.72
3.26,0,284,10.42,0.51,0.21,0.217,0.07,0.2,0.01,425,237,0.79,3.49,0.07,22,34,56,108,0.8
1.19,0,349,3.6,0.49,0.09,0.166,0.08,0.14,0.01,102,46,0.97,4.27,0.12,0,9,9,42,0.68
0,0,0,0,0,0,0,0,0,0,0,0,0,0,0.05,0,0,0,0,0.9
1.15,0,871,18.4,0.51,0.27,0.208,0.09,0.03,0.12,861,781,0.4,2.84,0.1,38,24,62,244,0.7
0.11,0,914,0.54,0.49,0.25,0.262,0.09,0.22,0.04,626,916,0.46,2.23,0.13,0,12,12,1596,0.39
1.24,0,19,17.36,0.53,0.32,0.218,0.05,0.03,0.15,920,504,0.39,3.53,0.17,24,9,33,133,0.49
1.02,1,8376,27.96,0.46,0.34,0.203,0.14,0.21,0.04,437,871,0.23,1.63,0.13,80,74,154,444,0.57
0.34,0,5075,3.13,0.52,0.22,0.266,0.08,0.01,0.03,157,111,0.37,2.71,0.14,35,23,58,1258,0.34
0.76,0,5832,11.94,0.52,0.22,0.255,0.08,0.23,0.05,68,195,0.62,1.94,0.13,72,76,148,1526,0.49
0.57,0,240,6.57,0.54,0.29,0.199,0.06,0.07,0.23,659,353,0.66,4.89,0.25,23,29,52,100,0.84
0.55,0,54,2.93,0.51,0.24,0.191,0.05,0.07,0.23,678,411,0.67,3.61,0.18,26,28,54,177,0.73
0.48,0,432,3,0.52,0.23,0.238,0.07,0.09,0.22,557,336,0.88,3.72,0.22,30,19,49,246,0.67
0.86,0,1188,5.68,0.47,0.25,0.202,0.06,0.12,0.2,878,453,0.75,4.04,0.18,112,97,209,391,0.82
0.37,0,119,1.22,0.48,0.25,0.302,0.1,0.15,0.1,763,102,0.89,3.5,0.15,9,8,17,137,0.86
0.51,0,239,3.39,0.52,0.22,0.239,0.1,0.13,0.25,1246,494,0.7,3.82,0.21,70,31,101,457,0.71
0.61,0,579,4.46,0.51,0.2,0.256,0.06,0.11,0.21,2213,846,0.74,3.38,0.23,140,129,269,632,0.78
0.92,0,6591,6.15,0.54,0.22,0.201,0.08,0.17,0.02,350,325,0.59,2.56,0.15,227,188,415,3283,0.61
1.17,0,2787,8.03,0.52,0.25,0.217,0.11,0.2,0.02,588,759,0.42,2.77,0.11,248,213,461,1631,0.55
0.79,0,286,5.15,0.5,0.2,0.232,0.05,0.18,0.06,684,322,0.66,3.91,0.23,76,54,130,723,0.72
0.8,0,713,3.83,0.54,0.16,0.224,0.07,0.18,0.03,820,453,0.88,4.39,0.17,6,60,66,648,0.7
0.52,0,507,4.4,0.51,0.24,0.207,0.07,0.14,0.03,772,518,0.72,2.75,0.2,33,28,61,686,0.8
2.02,0,557,9.57,0.51,0.23,0.254,0.13,0.15,0.04,424,405,0.76,2.87,0.11,17,36,53,127,0.68
1.16,0,206,12.92,0.52,0.22,0.2,0.07,0.04,0.09,367,439,0.33,3.54,0.18,8,15,23,131,0.67
0.49,0,9733,2.71,0.51,0.33,0.215,0.06,0.11,0.04,898,868,0.46,2.21,0.11,505,330,835,4580,0.32
0.66,0,115,6.18,0.52,0.28,0.246,0.1,0.13,0.09,745,551,0.64,2.53,0.2,1,29,30,103,0.71
0.52,0,425,7.27,0.52,0.2,0.265,0.21,0.08,0.08,551,459,0.71,2.34,0.23,4,11,15,89,0.76
1.32,0,426,23.05,0.52,0.25,0.174,0.05,0.01,0.05,833,643,0.27,3.79,0.15,19,14,33,176,0.74
0.91,0,299,18.77,0.45,0.22,0.188,0.07,0.05,0.03,856,321,0.65,3.7,0.17,52,48,100,172,0.79
1.62,0,80,17.26,0.5,0.24,0.229,0.08,0.02,0.03,855,291,0.51,4.2,0.15,49,42,91,225,0.77
0.14,0,1025,0.45,0.54,0.23,0.203,0.07,0.07,0.04,1375,400,0.64,4.02,0.13,0,4,4,112,0.62
0.47,0,22,10.94,0.51,0.28,0.167,0.07,0.05,0.04,536,288,0.54,4.13,0.45,0,9,9,6,0.78
0.63,0,1148,3.64,0.5,0.13,0.352,0.25,0.3,0,83,170,0.89,2.91,0.16,114,86,200,948,0.65
1.35,0,340,5.41,0.52,0.09,0.233,0.49,0.31,0,55,378,0.82,1.63,0.16,75,104,179,384,0.63
1.49,0,2999,7.13,0.5,0.09,0.31,0.41,0.27,0,112,126,0.91,1.75,0.13,43,53,96,717,0.76
0.76,0,1656,7.17,0.54,0.19,0.263,0.34,0.27,0.01,180,504,0.48,1.74,0.2,82,90,172,906,0.66
1.08,0,455,26.75,0.51,0.45,0.159,0.1,0.27,0.03,751,1037,0.17,1.95,0.18,89,100,189,640,0.57
1.26,0,640,19.14,0.5,0.43,0.26,0.12,0.31,0.03,334,1006,0.34,1.69,0.18,92,85,177,594,0.7
1.12,1,1060,26.96,0.33,0.78,0.068,0.04,0.14,0.04,683,1013,0.08,2.72,0.13,248,190,438,1419,0.39
0.99,1,2239,29.75,0.49,0.71,0.123,0.02,0.14,0.04,1142,1884,0.04,2.24,0.16,201,280,481,1048,0.55
1.23,1,302,21.84,0.48,0.58,0.116,0.04,0.08,0.06,2474,898,0.18,2.94,0.16,155,89,244,1767,0.71
0.36,0,260,2.54,0.51,0.23,0.219,0.11,0.08,0.08,504,227,0.77,4.29,0.19,11,9,20,49,0.91
1.2,0,599,9.71,0.49,0.21,0.301,0.09,0.22,0.09,476,556,0.6,2.52,0.21,34,36,70,1788,0.66
0.46,0,585,8.54,0.49,0.29,0.213,0.07,0.16,0.06,799,735,0.39,2.08,0.18,90,62,152,1604,0.58
1.03,0,7130,11.22,0.51,0.26,0.247,0.06,0.24,0.02,280,733,0.52,2.54,0.17,3,87,90,533,0.57
0.85,0,130,4.31,0.58,0.01,0.101,0.87,0.15,0.01,43,147,0.9,1.54,0.28,0,5,5,45,0.88
1.76,0,582,9.04,0.54,0.2,0.31,0.17,0.26,0.02,231,64,0.88,3.46,0.15,65,62,127,301,0.69
0.98,0,1119,8.17,0.5,0.25,0.262,0.1,0.17,0.02,486,259,0.77,3.04,0.23,46,49,95,343,0.76
0.62,0,366,5.05,0.47,0.24,0.246,0.07,0.18,0.02,379,340,0.73,3.48,0.18,6,8,14,74,0.83
1.04,0,961,5.57,0.5,0.16,0.179,0.31,0.18,0.01,468,410,0.86,2.8,0.19,0,16,16,95,0.79
0.88,0,148,1.81,0.52,0.2,0.23,0.06,0.19,0.11,101,148,0.98,4.34,0.17,0,17,17,164,0.63
1.77,0,1450,10.45,0.52,0.16,0.246,0.08,0.15,0.05,440,314,0.92,4.65,0.12,0,13,13,102,0.84
1.69,0,227,9.94,0.51,0.19,0.228,0.04,0.17,0.08,520,236,0.73,3.71,0.18,1,10,11,139,0.88
1.83,0,317,9.03,0.54,0.23,0.176,0.06,0.15,0.05,70,249,0.58,3.25,0.15,1,26,27,192,0.7
0.77,0,927,5.28,0.53,0.12,0.207,0.43,0.27,0.03,274,314,0.96,2.79,0.13,2,13,15,159,0.62
0.39,0,1760,1.83,0.51,0.2,0.245,0.07,0.13,0.1,896,259,0.81,3.5,0.17,0,11,11,149,0.57
1.04,0,200,15.56,0.53,0.28,0.237,0.09,0.2,0.03,901,998,0.24,2.2,0.17,45,45,90,1025,0.55
0.42,0,1653,1.18,0.51,0.18,0.22,0.12,0.09,0.05,157,436,0.7,2.22,0.15,0,9,9,274,0.51
0.17,0,1060,1.1,0.57,0.26,0.214,0.05,0.06,0.07,258,185,0.73,3.82,0.17,0,24,24,204,0.38
0.44,0,15846,7.3,0.53,0.3,0.222,0.11,0.04,0.07,761,828,0.45,3.72,0.14,153,81,234,4866,0.59
0.53,0,2730,5.28,0.48,0.29,0.197,0.05,0.04,0.1,397,546,0.36,2.71,0.13,50,22,72,1055,0.38
0.78,1,2391,18.11,0.44,0.57,0.195,0.07,0.23,0.1,651,889,0.11,1.69,0.12,127,108,235,1626,0.29
0.74,0,13718,18.29,0.48,0.35,0.208,0.06,0.16,0.06,1047,451,0.53,3.42,0.13,208,202,410,2656,0.78
0.4,0,336,18.42,0.54,0.41,0.16,0.05,0.11,0.07,2219,994,0.31,2.67,0.16,35,41,76,959,0.8
1.23,1,21406,20.16,0.41,0.69,0.141,0.03,0.24,0.02,345,811,0.2,1.89,0.1,361,222,583,7349,0.32
0.59,0,261,7.71,0.49,0.22,0.213,0.2,0.08,0,205,299,0.7,3.23,0.24,0,29,29,142,0.63
0.5,0,118,6,0.51,0.11,0.324,0.37,0.08,0.01,111,261,0.65,1.49,0.26,0,22,22,82,0.57
0.88,0,1080,8.15,0.64,0.14,0.257,0.4,0.11,0.07,359,668,0.52,1.95,0.32,42,34,76,302,0.73
0.95,0,2814,8.03,0.49,0.23,0.292,0.14,0.12,0.03,177,137,0.82,2.75,0.17,56,82,138,262,0.66
0.29,0,282,8.29,0.51,0.15,0.219,0.54,0.14,0.05,53,537,0.65,1.96,0.09,30,22,52,265,0
0.85,0,3700,6.67,0.47,0.29,0.221,0.05,0.09,0.02,479,367,0.49,2.53,0.15,191,155,346,1413,0.59
0.34,0,693,2.47,0.51,0.13,0.288,0.1,0.2,0.04,105,79,0.96,2.8,0.21,0,54,54,195,0.78
0.91,0,16,4.26,0.55,0.01,0.267,0.71,0.16,0,97,429,0.86,1.43,0.21,0,1,1,87,0.89
1.12,0,770,3.01,0.52,0.09,0.347,0.21,0.22,0.01,109,222,0.87,2.46,0.14,0,3,3,54,0.66
1.25,0,4614,13.32,0.49,0.32,0.247,0.07,0.1,0.03,373,1103,0.49,2.22,0.14,0,35,35,626,0.7
0.96,0,1599,14.83,0.45,0.27,0.245,0.11,0.11,0,551,424,0.69,3.4,0.28,0,3,3,357,0.77
1.57,0,1012,12.5,0.52,0.3,0.254,0.16,0.16,0.06,530,787,0.53,2.51,0.16,0,22,22,135,0.77
1.09,0,892,4.48,0.51,0.19,0.304,0.08,0.18,0.02,314,267,0.88,3.51,0.14,0,17,17,157,0.78
1.08,0,2112,5.19,0.52,0.14,0.254,0.09,0.17,0.02,467,146,0.83,3.03,0.14,1,33,34,357,0.76
0.6,0,2103,1.74,0.49,0.16,0.237,0.1,0.16,0.02,769,530,0.92,3.52,0.2,2,25,27,670,0.85
0.36,0,906,2.32,0.5,0.17,0.287,0.15,0.14,0.01,146,71,0.95,2.77,0.19,0,54,54,231,0.77
1.45,0,1645,6.87,0.49,0.24,0.217,0.08,0.15,0.04,969,846,0.75,2.5,0.14,0,19,19,172,0.79
0.1,0,2179,6.01,0.54,0.02,0.12,0.84,0.25,0,0,177,0.87,1.24,0.15,0,4,4,33,0.53
0.83,0,50,4.55,0.54,0,0.21,0.77,0.21,0.02,72,292,0.96,1.44,0.23,0,7,7,81,0.82
1.38,0,3432,9.92,0.49,0.21,0.301,0.14,0.12,0.02,189,226,0.62,2.3,0.12,0,53,53,696,0.63
0.74,0,8,3.63,0.56,0.01,0.082,0.9,0.14,0.01,28,45,0.95,1.49,0.21,0,0,0,39,0.94
0.91,0,229,3.44,0.52,0.01,0.136,0.85,0.2,0,34,130,0.97,1.71,0.17,0,0,0,0,0.8
0.98,0,98,3.07,0.56,0,0.119,0.88,0.17,0.01,41,111,0.89,1.42,0.14,0,0,0,29,0.9
0.31,0,127,2.97,0.51,0,0.173,0.82,0.26,0.04,24,94,0.96,1.61,0.13,0,0,0,8,0.8
1.19,0,5,2.67,0.52,0,0.161,0.84,0.25,0.04,7,66,0.94,1.59,0.12,0,0,0,12,0.91
0.45,0,407,12.75,0.54,0.11,0.226,0.5,0.14,0.01,125,630,0.43,1.62,0.13,29,11,40,179,0.21
0.2,0,623,12.69,0.52,0.1,0.223,0.55,0.12,0.02,353,582,0.78,2.41,0.13,17,18,35,134,0
0.72,0,201,12.69,0.53,0.27,0.223,0.21,0.12,0.11,180,258,0.7,3.47,0.19,38,36,74,173,0.7
0.75,1,474,14.14,0.54,0.24,0.19,0.28,0.08,0.06,422,461,0.24,1.83,0.2,25,16,41,163,0.72
1.12,1,917,15.87,0.5,0.31,0.19,0.06,0.07,0.08,1819,811,0.38,3.34,0.18,122,122,244,592,0.66
1.03,1,698,18.57,0.48,0.36,0.198,0.1,0.07,0.13,618,864,0.38,2.96,0.14,94,91,185,319,0.58
0.79,1,214,15.34,0.47,0.15,0.231,0.14,0.04,0.01,624,495,0.52,3.46,0.22,39,40,79,213,0.69
0.93,0,351,9.37,0.51,0.35,0.22,0.13,0.24,0.03,318,774,0.55,1.95,0.16,124,126,250,385,0.64
1.07,0,706,12.71,0.47,0.24,0.197,0.13,0.18,0.02,369,77,0.69,3.68,0.23,45,49,94,444,0.73
0.7,0,469,7.26,0.52,0.23,0.245,0.1,0.18,0.01,189,337,0.55,2.55,0.21,59,78,137,263,0.82
1.15,0,2936,9.65,0.57,0.34,0.196,0.23,0.2,0.06,116,646,0.29,1.82,0.14,127,100,227,570,0.6
1.01,0,376,6.62,0.49,0.14,0.294,0.25,0.23,0.02,24,711,0.62,2.25,0.2,62,41,103,456,0.78
0.04,0,0,0.01,0.57,0.25,0.085,0,0,0,0,0,1,0,0.07,0,1,1,9,0.29
1.27,0,965,6.09,0.53,0.18,0.284,0.11,0.19,0.02,415,585,0.72,2.97,0.12,0,11,11,211,0.59
1.12,0,1406,11.08,0.53,0.25,0.263,0.19,0.28,0.04,417,1133,0.38,1.65,0.18,87,58,145,322,0.63
1.26,0,817,9.35,0.51,0.12,0.321,0.16,0.29,0.03,166,491,0.77,1.71,0.22,1,20,21,1664,0.68
0.33,0,8892,10.04,0,0,0,0,0,0,0,0,0,0,0.07,0,10,10,61,0.15
0.66,0,7622,7.89,0,0.54,0.462,0,0.15,0,2,0,0,0,0.09,59,62,121,2685,0.25
0.65,0,46,14.99,0.46,0.28,0.27,0.08,0.08,0.05,939,639,0.68,3.57,0.27,17,12,29,215,0.72
0.13,0,750,0.3,0.55,0.11,0.362,0.26,0.21,0,458,164,0.94,2.98,0.1,0,1,1,17,0.96
1.21,0,439,5.57,0.54,0.15,0.271,0.11,0.17,0.03,479,128,0.87,3.98,0.14,0,10,10,115,0.8
0.61,0,1019,4.38,0.54,0.15,0.338,0.15,0.15,0.03,215,103,0.88,3.2,0.2,0,36,36,128,0.82
1.49,0,1030,12.76,0.5,0.26,0.286,0.09,0.15,0.01,625,259,0.81,2.43,0.17,0,23,23,60,0.86
1.38,0,245,8.2,0.53,0.18,0.295,0.15,0.2,0,201,148,0.86,2.66,0.21,0,11,11,41,0.68
1.35,0,353,4.09,0.53,0,0.118,0.86,0.28,0.01,0,74,0.93,1.55,0.16,0,0,0,13,0.84
1.6,0,73,3.49,0.54,0.01,0.137,0.85,0.15,0.01,18,132,0.96,1.38,0.16,0,0,0,0,0.78
1.53,0,424,7.52,0.51,0.11,0.195,0.43,0.19,0.02,224,182,0.87,2.91,0.2,0,10,10,12,0.91
0.71,0,520,1.63,0.51,0.14,0.29,0.12,0.14,0.02,1366,341,0.89,4,0.15,0,15,15,210,0.77
0.74,0,2867,9.46,0.53,0.23,0.233,0.21,0.04,0.04,604,677,0.53,2.39,0.18,0,5,5,91,0.75
0.33,0,546,8.65,0.56,0.01,0.137,0.85,0.15,0.01,26,183,0.89,1.6,0.17,25,36,61,212,0.26
0.84,0,4867,16.04,0.55,0.12,0.233,0.36,0.07,0.06,143,615,0.64,1.79,0.19,107,104,211,305,0.54
0.96,0,573,7.14,0.56,0.09,0.099,0.69,0.1,0.07,6,215,0.78,1.49,0.22,22,27,49,130,0.77
0.65,0,136,7.49,0.42,0.14,0.356,0.23,0.1,0.01,315,406,0.78,3.5,0.27,28,18,46,355,0.73
0.44,0,686,8.61,0.47,0.24,0.188,0.15,0.02,0.01,421,585,0.54,2.93,0.33,0,5,5,119,0.7
0.55,0,357,7.18,0.53,0.17,0.236,0.28,0.1,0.02,248,272,0.79,3.12,0.29,0,6,6,50,0.78
0.52,0,228,10.35,0.52,0.1,0.248,0.3,0.06,0,258,641,0.73,3.1,0.28,0,3,3,36,0.97
0.78,0,4021,10.83,0.5,0.37,0.179,0.13,0.12,0.01,296,459,0.28,2.34,0.11,248,229,477,1700,0.48
0.9,0,31,3.07,0.5,0.15,0.097,0.61,0.16,0,66,163,0.81,2.01,0.07,5,7,12,1118,0.41
1.05,0,245,5.29,0.52,0.13,0.354,0.21,0.26,0.01,250,246,0.89,2.02,0.19,0,10,10,146,0.69
0.47,0,1311,2.54,0.51,0.09,0.359,0.24,0.31,0.04,264,192,0.89,2.44,0.15,0,5,5,154,0.75
1.09,0,3354,5.76,0.57,0.06,0.315,0.27,0.29,0,61,197,0.83,2.75,0.13,0,20,20,92,0.79
0.51,0,2356,6.01,0.47,0.09,0.317,0.17,0.27,0,32,241,0.91,3.97,0.15,0,23,23,137,0.61
0.5,0,1635,3.75,0.54,0.18,0.328,0.34,0.33,0.03,102,931,0.42,1.57,0.14,0,16,16,2005,0.23
0.76,0,10484,7.67,0.57,0.22,0.265,0.26,0.23,0.01,63,463,0.39,1.85,0.1,0,83,83,905,0.15
0.89,0,843,5.5,0.5,0.09,0.364,0.26,0.26,0.01,36,67,0.91,1.96,0.14,0,1,1,17,0.78
0.9,0,785,5.76,0.52,0.14,0.351,0.17,0.23,0.03,177,84,0.88,2.28,0.18,0,1,1,38,0.76
0.21,0,527,0.86,0.5,0.14,0.344,0.13,0.27,0.01,181,269,0.94,2.97,0.15,0,7,7,306,0.61
0.73,0,627,5.4,0.51,0.19,0.303,0.12,0.18,0.01,221,219,0.9,3.06,0.18,0,17,17,70,0.78
0.85,0,1047,7.13,0.53,0.19,0.283,0.1,0.19,0.02,419,270,0.84,3.63,0.22,0,26,26,68,0.84
1.54,0,460,7.1,0.5,0.19,0.377,0.11,0.2,0.03,237,241,0.8,3.74,0.14,0,31,31,65,0.79
0.43,0,228,3.16,0.49,0.29,0.149,0.09,0.09,0.09,357,312,0.76,3.98,0.18,0,3,3,189,0.84
1.01,0,100,13.93,0.44,0.27,0.205,0.06,0.06,0.12,1105,487,0.64,4.17,0.25,0,34,34,81,0.76
1.11,0,641,10.88,0.49,0.24,0.179,0.16,0.03,0.1,698,209,0.53,3.4,0.21,0,1,1,57,0.83
1.24,0,49,18.55,0.48,0.24,0.181,0.05,0.04,0.14,964,346,0.51,4.33,0.23,0,1,1,7,0.78
1.54,0,1318,4.69,0.49,0.13,0.258,0.23,0.23,0.01,263,345,0.84,2.84,0.18,0,18,18,123,0.8
0.29,0,636,2.17,0.5,0.27,0.188,0.08,0.1,0.09,992,393,0.72,4.19,0.16,1,33,34,489,0.69
0.98,0,493,6.36,0.47,0.25,0.224,0.09,0.12,0.09,981,372,0.59,3.33,0.11,0,19,19,74,0.73
0.89,0,456,7.76,0.51,0.24,0.275,0.1,0.09,0.14,656,229,0.75,3.47,0.2,0,19,19,72,0.79
1.03,0,149,2.32,0.51,0,0.191,0.81,0.27,0.02,0,143,0.96,1.32,0.16,0,22,22,184,0.72
0.55,0,5640,6.03,0.59,0.05,0.25,0.68,0.23,0,30,260,0.84,1.67,0.11,184,142,326,1847,0.07
1.83,0,93,11.18,0.45,0.28,0.223,0.13,0.11,0.03,421,176,0.77,4.19,0.16,20,8,28,194,0.82
1.27,0,1959,21.8,0.53,0.27,0.256,0.11,0.06,0.15,375,704,0.23,2.2,0.1,51,65,116,949,0.45
1.03,0,558,11.9,0.53,0.2,0.268,0.11,0.14,0.02,214,583,0.54,1.84,0.18,35,28,63,266,0.79
0.83,0,1150,20.76,0.47,0.32,0.226,0.07,0.1,0.05,1193,928,0.37,2.61,0.19,122,139,261,439,0.83
1.11,0,961,19.1,0.49,0.28,0.208,0.08,0.11,0.07,918,1014,0.25,2.76,0.18,149,139,288,559,0.81
0.78,0,7581,13.76,0.56,0.38,0.105,0.01,0.04,0.16,5695,1973,0.19,3.54,0.14,333,312,645,4654,0.35
1,1,345,23.52,0.5,0.27,0.154,0.04,0.03,0.22,677,325,0.22,4.19,0.16,12,6,18,99,0.79
0.98,1,9970,9.29,0.45,0.56,0.129,0.04,0.17,0.07,379,713,0.15,1.9,0.13,731,653,1384,4790,0.36
0.87,0,6515,8.19,0.49,0.17,0.316,0.16,0.28,0.02,167,664,0.65,2.2,0.12,0,86,86,814,0.57
1.01,0,1627,4.16,0.49,0.08,0.322,0.17,0.32,0.01,313,542,0.77,2.26,0.15,0,41,41,772,0.64
0.55,0,302,2.25,0.48,0.17,0.315,0.08,0.18,0.02,212,43,0.88,4.3,0.12,0,2,2,14,0.64
0.8,0,154,2.78,0.56,0.21,0.241,0.08,0.15,0.09,265,195,0.83,5.42,0.1,0,1,1,38,0.59
0.65,0,425,5.17,0.47,0.11,0.282,0.14,0.21,0.02,178,264,0.95,4,0.19,0,21,21,67,0.76
1.37,0,458,8.46,0.51,0.2,0.282,0.09,0.16,0.03,452,451,0.68,3.21,0.14,0,9,9,273,0.74
1.22,0,1005,4.47,0.51,0.17,0.369,0.19,0.18,0.04,294,250,0.87,2.52,0.12,0,7,7,394,0.66
0.38,0,838,1.23,0.46,0.18,0.385,0.26,0.23,0.01,231,147,0.94,4.82,0.11,0,10,10,467,0.57
1.14,0,136,7.48,0.47,0.25,0.318,0.12,0.11,0.02,205,444,0.81,3.33,0.2,0,10,10,292,0.77
0.48,0,83,3.13,0.57,0.07,0.181,0.65,0.13,0,173,185,0.86,2.51,0.23,0,0,0,12,0.82
1.42,0,704,4.8,0.58,0.09,0.233,0.53,0.27,0,58,247,0.78,1.9,0.17,0,14,14,66,0.74
1.25,0,1750,8.93,0.48,0.16,0.299,0.12,0.19,0.09,735,193,0.81,3.15,0.15,0,10,10,59,0.66
0.98,0,1544,7.61,0.46,0.21,0.218,0.06,0.14,0.13,220,155,0.76,3.43,0.13,0,8,8,55,0.59
0.79,0,1013,5.92,0.5,0.23,0.243,0.09,0.1,0.09,1267,776,0.69,3.44,0.23,0,36,36,139,0.66
0.9,0,199,6.14,0.51,0.2,0.219,0.11,0.09,0.09,2300,544,0.72,4.23,0.18,0,6,6,43,0.73
1.2,0,219,9.97,0.46,0.17,0.19,0.11,0.12,0.07,641,316,0.82,4.55,0.2,0,8,8,32,0.71
1.48,0,918,10.56,0.53,0.14,0.203,0.11,0.15,0.12,200,191,0.74,3.94,0.16,0,6,6,69,0.79
1.65,0,474,10.48,0.55,0.21,0.271,0.13,0.09,0.06,314,664,0.65,2.77,0.16,0,3,3,25,0.73
0.74,0,1439,3.42,0.54,0.24,0.246,0.09,0.08,0.06,121,480,0.38,2.31,0.14,0,15,15,97,0.34
1.08,0,10422,10.23,0.49,0.21,0.263,0.11,0.09,0.02,245,367,0.59,2.44,0.14,157,121,278,6464,0.46
1.13,0,10581,16.79,0.51,0.27,0.16,0.03,0.01,0.01,286,209,0.63,4.69,0.11,81,51,132,2137,0.45
0.89,0,51,3.32,0.55,0.01,0.145,0.84,0.22,0,9,167,0.92,1.34,0.13,0,0,0,1,0.78
1.36,0,437,10.36,0.54,0.22,0.303,0.15,0.1,0.11,305,367,0.68,2.75,0.19,0,5,5,7,0.82
0.59,0,2506,4.98,0.52,0.24,0.204,0.11,0.05,0.07,1089,443,0.72,3.6,0.14,0,5,5,10,0.76
0.56,0,2968,3.99,0.49,0.26,0.218,0.12,0.03,0.07,855,417,0.46,2.97,0.23,0,1,1,6,0.78
0.95,0,232,5.68,0.52,0.14,0.28,0.08,0.25,0.01,283,395,0.92,3.77,0.19,0,4,4,64,0.74
0.63,0,585,3.16,0.48,0.09,0.356,0.17,0.25,0,124,92,0.89,2.87,0.15,0,3,3,46,0.83
0.32,0,178,1.2,0.47,0.15,0.283,0.11,0.14,0.03,142,180,0.83,2.98,0.14,0,2,2,1494,0.61
0.4,0,558,1.1,0.5,0.11,0.318,0.14,0.26,0.03,359,96,0.92,3.11,0.12,0,3,3,33,0.7
0.3,0,194,1.09,0.47,0.19,0.22,0.09,0.28,0.03,242,591,0.79,1.82,0.14,0,24,24,58,0.66
1.15,0,3352,16.98,0.53,0.29,0.217,0.17,0.28,0.01,384,1199,0.45,1.96,0.14,0,41,41,1052,0.33
1.12,0,3646,28.52,0.55,0.3,0.264,0.16,0.29,0,110,976,0.4,1.81,0.19,0,4,4,723,0.5
1.19,0,1830,16.72,0.51,0.24,0.287,0.21,0.2,0.02,172,924,0.41,1.83,0.16,1,20,21,243,0.51
1.78,0,207,6.55,0.53,0.2,0.349,0.18,0.24,0.03,35,194,0.81,2.65,0.13,0,4,4,501,0.62
1.34,0,219,9.54,0.51,0.21,0.206,0.09,0.1,0.1,489,389,0.84,3.59,0.13,0,7,7,24,0.8
1.35,0,98,11.49,0.5,0.2,0.236,0.1,0.09,0.07,370,447,0.66,3.75,0.18,0,7,7,16,0.67
1.37,0,294,11.37,0.53,0.3,0.21,0.1,0.11,0.06,445,338,0.72,3.52,0.18,0,1,1,9,0.82
1.62,0,383,11.91,0.49,0.24,0.262,0.13,0.07,0.12,687,579,0.76,3.57,0.18,0,8,8,48,0.77
1.34,0,437,9.56,0.49,0.17,0.234,0.1,0.14,0.08,361,156,0.83,3.7,0.22,0,3,3,28,0.78
0.82,0,263,7.46,0.51,0.27,0.226,0.08,0.1,0.03,514,427,0.68,3.79,0.22,0,11,11,30,0.66
0.67,0,3604,3.15,0.49,0.14,0.254,0.12,0.13,0.08,291,212,0.81,2.75,0.18,0,14,14,156,0.63
0.46,0,5000,10.41,0.52,0.26,0.186,0.06,0.02,0.14,666,779,0.23,3.07,0.1,73,41,114,928,0.17
0.87,0,3414,9.76,0.48,0.14,0.292,0.19,0.17,0.01,115,164,0.88,3.31,0.2,2,33,35,319,0.7
0.87,0,223,4.48,0.51,0.11,0.31,0.2,0.26,0,104,94,0.95,2.33,0.21,0,9,9,192,0.77
1.11,1,1800,19.8,0.5,0.26,0.203,0.07,0.03,0.05,956,780,0.24,2.9,0.21,32,17,49,220,0.72
1.13,0,223,18.42,0.5,0.28,0.244,0.04,0.02,0.07,701,588,0.24,3.49,0.21,28,38,66,48,0.87
0.62,0,1358,2.21,0.5,0.11,0.344,0.27,0.3,0,52,104,0.89,1.55,0.15,107,71,178,1547,0.72
1.22,0,4209,4.1,0.49,0.2,0.293,0.22,0.26,0.02,286,495,0.65,1.5,0.09,263,243,506,2380,0.85
0.79,0,259,3.39,0.5,0.11,0.317,0.13,0.3,0,104,23,0.97,0,0.21,33,26,59,544,0.82
1.6,0,455,6.77,0.43,0.17,0.287,0.15,0.21,0.06,218,258,0.89,2.47,0.12,100,86,186,384,0.72
1.16,0,567,5.71,0.51,0.2,0.324,0.13,0.23,0.03,493,567,0.64,2.53,0.1,44,38,82,450,0.66
1.03,0,163,3.69,0.49,0.18,0.384,0.11,0.32,0.03,178,153,0.95,3.87,0.11,23,14,37,228,0.71
0.97,0,436,3.61,0.49,0.12,0.428,0.1,0.27,0.02,310,277,0.91,2.25,0.1,36,37,73,186,0.67
0.66,0,235,9.12,0.55,0.19,0.277,0.32,0.09,0.02,282,448,0.69,2.44,0.32,25,31,56,127,0.81
0.64,0,222,3.82,0.52,0.09,0.389,0.3,0.21,0.01,26,187,0.93,2.2,0.16,5,6,11,16,0.58
0.7,0,656,10.04,0.51,0.22,0.272,0.1,0.13,0.04,626,574,0.64,3.26,0.29,47,62,109,281,0.82
0.68,0,466,7,0.56,0.11,0.307,0.38,0.14,0.02,56,271,0.79,1.98,0.37,37,43,80,101,0.86
1.16,0,292,3.72,0.55,0.02,0.197,0.78,0.19,0.01,17,477,0.89,1.89,0.16,0,3,3,44,0.74
1.16,0,4713,6.04,0.55,0.01,0.135,0.84,0.2,0.02,120,262,0.77,1.3,0.15,0,15,15,95,0.7
0.93,0,317,16.57,0.49,0.33,0.201,0.05,0.02,0.07,1874,402,0.57,4.91,0.3,46,48,94,211,0.82
0.68,0,1230,6.38,0.51,0.15,0.288,0.21,0.17,0,150,149,0.88,3.32,0.24,1,33,34,270,0.79
1.26,0,2050,8.39,0.56,0.17,0.269,0.31,0.35,0.03,234,649,0.62,1.77,0.17,39,32,71,328,0.75
0.8,0,4216,5.83,0.5,0.11,0.315,0.26,0.25,0.01,255,546,0.76,1.75,0.17,104,111,215,915,0.73
1.04,0,182,4.62,0.49,0.13,0.401,0.14,0.24,0.05,225,96,0.95,3.37,0.13,111,134,245,332,0.84
1.01,1,1626,14.08,0.45,0.7,0.082,0.05,0.11,0.1,1099,2020,0.1,2.04,0.13,210,210,420,3781,0.61
1.86,1,673,48.52,0.42,0.86,0.06,0,0.06,0.09,323,452,0.01,2.4,0.11,132,174,306,366,0.43
1.61,1,952,12.46,0.41,0.5,0.19,0.1,0.14,0.09,1532,977,0.34,2.47,0.17,217,189,406,1412,0.87
1.46,1,1918,17.2,0.54,0.9,0.042,0.02,0.05,0.04,839,331,0.42,2.86,0.13,618,442,1060,3821,0.58
0.86,1,2973,11.99,0.48,0.33,0.217,0.16,0.13,0.14,731,498,0.55,2.7,0.21,136,124,260,1440,0.87
1.14,0,7130,17.18,0.48,0.36,0.179,0.21,0.18,0.13,577,745,0.47,2.43,0.14,253,247,500,5341,0.72
1.35,1,1604,10.34,0.51,0.28,0.226,0.3,0.19,0.03,296,231,0.61,1.99,0.14,131,108,239,6870,0.76
1.72,1,4238,16.72,0.44,0.42,0.169,0.13,0.19,0.07,957,732,0.49,2.86,0.12,261,315,576,1032,0.83
1.02,1,52717,28.16,0.35,0.5,0.203,0.08,0.19,0.05,308,532,0.23,1.97,0.09,742,625,1367,12314,0.6
0.86,0,411,9.34,0.5,0.2,0.248,0.19,0.1,0.01,573,475,0.79,3.21,0.36,74,42,116,252,0.8
0.95,0,664,7.67,0.48,0.15,0.357,0.16,0.13,0.02,324,507,0.82,2.5,0.24,56,62,118,520,0.76
0.82,0,1101,6.8,0.52,0.17,0.327,0.3,0.12,0.02,346,416,0.77,2.59,0.19,45,50,95,120,0.77
0.59,0,926,8.08,0.47,0.28,0.223,0.14,0.15,0.03,79,110,0.7,3.49,0.25,12,19,31,123,0.79
0.99,0,396,8.11,0.49,0.2,0.299,0.16,0.21,0.04,252,158,0.83,3.4,0.25,12,15,27,140,0.81
0.61,0,308,7.92,0.52,0.2,0.217,0.11,0.13,0,468,253,0.9,3.7,0.25,10,44,54,40,0.8
0.57,0,3166,3.29,0.48,0.18,0.25,0.2,0.19,0.01,9,16,0.97,1.67,0.11,9,10,19,597,0.61
0.68,0,1345,13.78,0.49,0.36,0.192,0.08,0.12,0.07,1742,1150,0.38,2.72,0.23,56,37,93,542,0.73
1.26,0,3671,19.09,0.5,0.33,0.274,0.16,0.2,0.05,418,1488,0.27,2,0.14,2,67,69,209,0.54
1.14,0,1120,8.12,0.51,0.15,0.379,0.19,0.21,0.05,104,350,0.88,3.04,0.26,0,37,37,187,0.8
1.14,0,719,7.7,0.52,0.14,0.312,0.23,0.2,0.01,189,282,0.87,2.89,0.25,0,53,53,257,0.76
1.44,0,525,7.67,0.51,0.17,0.319,0.18,0.23,0.03,267,234,0.84,3.34,0.2,1,8,9,188,0.76
0.67,0,2241,8.16,0.48,0.13,0.324,0.17,0.21,0.01,193,178,0.95,2.57,0.28,0,24,24,138,0.73
1.37,0,2063,4.32,0.5,0.1,0.339,0.22,0.26,0.03,206,201,0.92,2.31,0.14,73,51,124,1860,0.86
0.86,0,1129,8.08,0.45,0.21,0.273,0.14,0.13,0.05,1166,1156,0.55,2.78,0.22,28,34,62,385,0.92
1.61,0,1530,10.59,0.53,0.15,0.223,0.24,0.21,0.01,115,755,0.71,2.7,0.16,67,30,97,560,0.78
1.02,0,1730,11.32,0.52,0.27,0.265,0.1,0.3,0,307,252,0.65,2.33,0.19,43,44,87,679,0.71
1.3,0,220,16.21,0.55,0.29,0.189,0.07,0,0.04,1486,273,0.77,5.87,0.16,20,12,32,91,0.8
0.83,0,155,18.31,0.48,0.28,0.18,0.09,0.02,0.06,2244,859,0.34,2.89,0.24,23,22,45,103,0.85
0.78,0,289,21.64,0.52,0.32,0.186,0.07,0.02,0.07,2051,465,0.67,4.76,0.32,13,13,26,105,0.89
1.02,0,4266,4.12,0.51,0.19,0.247,0.18,0.14,0.05,1096,968,0.76,2.74,0.15,0,38,38,1639,0.62
0.48,0,505,1.16,0.37,0.55,0.054,0.02,0.05,0.12,432,120,0.01,3.39,0.12,0,20,20,67,0.61
0.66,0,4419,10.63,0.49,0.29,0.208,0.08,0.03,0.07,1392,784,0.26,2.9,0.17,0,40,40,352,0.66
0.55,0,2179,4.4,0.47,0.28,0.32,0.11,0.05,0.03,337,239,0.41,2.38,0.16,0,11,11,91,0.43
1.31,0,3901,8.05,0.64,0.02,0.133,0.83,0.13,0.01,44,256,0.8,1.38,0.13,0,10,10,169,0.71
1.13,0,6445,16.16,0.5,0.25,0.277,0.12,0.12,0.07,711,737,0.33,2.2,0.17,52,37,89,213,0.76
0.99,0,4378,7.51,0.53,0.11,0.263,0.39,0.28,0.01,117,334,0.83,1.69,0.18,180,125,305,1245,0.58
0.86,0,38060,11.22,0.5,0.14,0.311,0.29,0.25,0.05,57,255,0.81,2.86,0.13,37,293,330,2701,0.49
1.22,0,1702,9.69,0.53,0.16,0.27,0.33,0.27,0.01,116,772,0.65,1.66,0.18,119,50,169,1714,0.57
0.66,0,665,7.71,0.52,0.26,0.271,0.16,0.25,0.02,274,655,0.68,2.03,0.23,122,95,217,796,0.77
1.13,0,4930,13.58,0.55,0.21,0.267,0.39,0.34,0.01,270,875,0.75,1.67,0.22,155,147,302,1492,0.73
1.01,0,265,9.78,0.49,0.32,0.191,0.17,0.25,0.02,387,560,0.57,2.34,0.23,71,64,135,630,0.56
1.01,0,275,4.43,0.61,0.01,0.197,0.78,0.21,0,0,122,0.91,1.53,0.13,0,0,0,58,0.67
1.04,0,252,4.77,0.61,0.06,0.218,0.65,0.14,0.07,146,629,0.78,2.34,0.13,0,9,9,184,0.78
0.6,1,143,16.95,0.49,0.43,0.23,0.02,0.14,0.36,211,603,0.01,1.77,0.03,28,51,79,797,0.63
0.33,1,1095,2.35,0.45,0.47,0.166,0.02,0.17,0.23,525,815,0.04,1.94,0.09,140,105,245,2252,0.19
0.89,0,4841,16.75,0.45,0.34,0.267,0.12,0.19,0.09,914,1081,0.37,2.12,0.18,365,354,719,1806,0.57
0.91,0,1467,17.19,0.5,0.32,0.266,0.07,0.07,0.05,660,418,0.38,2.38,0.22,123,127,250,518,0.75
0.05,0,0,0,0,0,0,0,0,0,0,0,0,0,0.02,0,0,0,16,0
1.07,0,765,11.62,0.52,0.28,0.279,0.15,0.23,0.02,79,508,0.59,1.94,0.2,36,24,60,244,0.85
2.6,0,20465,44.33,0.44,0.48,0.178,0.15,0.27,0.02,55,640,0.19,1.76,0.13,833,830,1663,3151,0.54
1.1,0,2413,12.96,0.5,0.27,0.217,0.1,0.15,0.04,676,483,0.53,2.78,0.18,210,215,425,680,0.61
1.06,0,3574,14.18,0.55,0.31,0.182,0.06,0.1,0.14,725,798,0.46,3.4,0.19,99,71,170,388,0.7
1.03,0,10724,25.48,0.56,0.23,0.229,0.14,0.12,0.11,1179,1269,0.39,2.24,0.22,123,107,230,613,0.52
1.21,0,37,14.14,0.47,0.33,0.249,0.09,0.1,0.1,280,378,0.77,2.78,0.23,0,1,1,18,0.85
0.92,0,21,13.87,0.56,0.3,0.212,0.04,0.08,0.11,450,527,0.57,3.29,0.33,0,4,4,11,0.8
0.27,0,7,4.33,0.48,0.16,0.181,0.38,0.11,0.02,277,167,0.75,2.9,0.3,0,2,2,8,0.72
0.88,0,6677,5.81,0.52,0.21,0.24,0.14,0.13,0.05,601,655,0.65,2.2,0.13,0,49,49,1176,0.52
0.26,0,3553,1.52,0.51,0.29,0.23,0.08,0.08,0.07,406,192,0.67,2.7,0.12,0,1,1,78,0.36
0.76,0,15338,10.16,0.54,0.24,0.2,0.06,0.03,0.03,317,80,0.36,4.36,0.12,291,287,578,5247,0.57
0.77,0,192,12.49,0.51,0.27,0.176,0.09,0.12,0.09,685,381,0.51,3.29,0.25,63,75,138,198,0.85
0.58,1,4754,13.91,0.54,0.57,0.109,0.01,0.11,0.13,623,986,0.08,2.25,0.07,227,183,410,984,0.05
1.17,0,1958,8.65,0.58,0.22,0.162,0.46,0.09,0.08,240,475,0.33,1.65,0.14,0,16,16,874,0.55
0.98,0,1594,9.14,0.56,0.25,0.271,0.1,0.16,0.05,315,454,0.69,2.69,0.19,6,40,46,1124,0.79
1.57,0,828,3.72,0.47,0.13,0.321,0.22,0.27,0.02,290,132,0.89,3.02,0.11,61,46,107,383,0.57
0.52,0,153,0.79,0.51,0.1,0.34,0.14,0.18,0.01,88,36,0.95,2.09,0.1,3,6,9,15,0.8
1.1,0,240,4.92,0.51,0.14,0.28,0.15,0.25,0.01,123,142,0.89,3.91,0.12,0,1,1,25,0.77
0.59,0,282,1.76,0.46,0.12,0.373,0.17,0.22,0.01,185,153,0.89,3.66,0.15,0,5,5,94,0.87
0.67,0,69,3.85,0.52,0.2,0.262,0.25,0.12,0.02,131,141,0.9,3.97,0.19,0,12,12,16,0.74
0.28,0,662,1.09,0.54,0.2,0.204,0.11,0.1,0.12,333,259,0.89,3.65,0.15,0,3,3,512,0.54
0.19,0,815,0.76,0.49,0.15,0.298,0.17,0.13,0.02,253,106,0.87,2.83,0.16,0,6,6,315,0.69
0.69,0,462,10.8,0.57,0.21,0.283,0.09,0.09,0.12,1006,723,0.52,2.57,0.21,0,9,9,49,0.84
0.67,0,738,7.49,0.51,0.16,0.274,0.1,0.12,0.07,603,130,0.82,3.68,0.22,0,12,12,58,0.82
0.57,0,157,11.15,0.5,0.23,0.184,0.1,0.06,0.13,1272,356,0.48,3.63,0.31,0,8,8,39,0.87
1.74,0,1336,7.65,0.47,0.2,0.31,0.25,0.18,0.09,246,300,0.67,1.6,0.13,1,35,36,642,0.55
0.58,0,394,7.21,0.47,0.24,0.201,0.12,0.09,0.08,421,180,0.67,3.79,0.22,0,4,4,34,0.67
1.19,0,216,3.86,0.57,0.03,0.231,0.7,0.12,0.04,108,238,0.88,1.38,0.14,0,2,2,59,0.78
0.72,0,593,9.05,0.47,0.23,0.228,0.1,0.04,0.03,530,338,0.61,2.88,0.18,46,13,59,830,0.68
0.96,0,280,10.55,0.54,0.27,0.242,0.07,0.11,0.05,590,550,0.49,2.86,0.19,28,37,65,267,0.71
0.83,0,464,11.05,0.5,0.25,0.281,0.08,0.06,0.01,939,225,0.69,4.08,0.28,2,3,5,32,0.78
0.62,0,309,12.02,0.48,0.23,0.266,0.12,0.08,0.03,479,298,0.63,3.4,0.27,29,5,34,214,0.78
0.65,0,715,2.77,0.47,0.27,0.253,0.06,0.06,0.13,777,200,0.7,3.67,0.16,129,73,202,2255,0.57
0.87,0,354,7.1,0.48,0.25,0.271,0.21,0.09,0.17,382,122,0.76,3.27,0.16,0,5,5,84,0.68
0.98,0,70,8.19,0.54,0.2,0.326,0.14,0.1,0.1,678,242,0.76,2.64,0.17,0,1,1,13,0.86
0.58,0,119,3.93,0.46,0.31,0.203,0.1,0.09,0.13,296,57,0.63,3.57,0.2,18,15,33,236,0.66
0.86,0,303,7.41,0.48,0.19,0.205,0.22,0.15,0.02,333,241,0.84,3.6,0.24,0,10,10,25,0.78
1.15,0,850,4.54,0.54,0.14,0.25,0.16,0.19,0.01,511,250,0.88,1.77,0.19,0,9,9,105,0.71
1.43,0,336,9.49,0.5,0.17,0.267,0.09,0.17,0.03,75,246,0.84,3.32,0.19,0,4,4,53,0.77
0.85,0,1004,3.11,0.53,0.16,0.363,0.19,0.23,0.03,149,190,0.87,2.66,0.16,73,72,145,777,0.69
0.63,0,275,6.47,0.47,0.25,0.255,0.12,0.08,0.01,229,252,0.82,2.64,0.31,0,5,5,26,0.9
0.47,0,176,5.45,0.51,0.3,0.191,0.07,0.08,0.06,1191,449,0.45,2.82,0.17,1,28,29,1176,0.73
1.08,0,439,7.44,0.52,0.23,0.255,0.08,0.09,0.08,804,361,0.66,3.23,0.16,1,40,41,1027,0.66
0.8,0,3307,9.93,0.48,0.31,0.189,0.08,0.1,0.07,572,639,0.45,2.74,0.15,147,148,295,1013,0.58
0.31,0,705,3.65,0.55,0.32,0.208,0.08,0.08,0.14,232,112,0.7,4.08,0.25,0,1,1,140,0.72
0.96,0,185,10.07,0.52,0.29,0.22,0.08,0.09,0.12,822,634,0.48,2.96,0.2,1,35,36,107,0.66
0.71,0,2183,4.41,0.57,0.3,0.196,0.05,0.07,0.18,664,493,0.53,3.38,0.13,24,27,51,807,0.44
1.11,0,133,9.32,0.53,0.29,0.211,0.05,0.08,0.05,2468,360,0.75,3.65,0.19,38,59,97,204,0.81
1.19,0,444,16.16,0.52,0.28,0.262,0.11,0.04,0.08,1442,291,0.6,3.22,0.21,24,25,49,178,0.78
0.09,0,186,0.7,0.49,0.26,0.145,0.09,0.03,0.04,688,125,0.72,3.99,0.22,0,0,0,20,0.61
0.83,0,338,16.55,0.49,0.28,0.208,0.11,0.07,0.15,725,591,0.35,2.41,0.24,23,20,43,144,0.67
0.84,0,716,12.91,0.54,0.27,0.226,0.17,0.07,0.07,492,342,0.47,1.9,0.23,37,17,54,255,0.75
1.18,0,104,14.5,0.49,0.29,0.227,0.05,0.04,0.03,1228,472,0.6,3.69,0.25,9,6,15,51,0.86
0.95,0,567,15.21,0.51,0.29,0.27,0.08,0.07,0.05,537,249,0.69,4.28,0.35,17,12,29,166,0.82
1.45,0,614,8.27,0.52,0.19,0.323,0.2,0.18,0.02,282,325,0.75,2.76,0.16,0,9,9,293,0.66
1.6,0,4834,15.12,0.49,0.35,0.275,0.11,0.25,0.04,453,530,0.54,2.13,0.15,0,10,10,284,0.54
1.18,0,708,4.67,0.48,0.43,0.253,0.08,0.17,0.02,138,105,0.7,1.98,0.13,0,4,4,465,0.48
1.75,0,171,12.29,0.44,0.24,0.279,0.14,0.12,0.01,278,169,0.79,2.9,0.16,0,1,1,7,0.88
0.63,0,62,7.06,0.52,0.19,0.265,0.12,0.1,0.02,177,191,0.79,3.33,0.29,0,9,9,6,0.91
0.65,0,302,6.71,0.47,0.17,0.233,0.13,0.06,0.04,527,320,0.7,3.34,0.28,24,12,36,406,0.67
1.55,0,742,7.92,0.52,0.18,0.225,0.28,0.21,0.02,209,571,0.58,2.17,0.17,67,59,126,241,0.79
0.49,0,518,6.81,0.47,0.25,0.218,0.08,0.06,0.07,743,374,0.5,2.51,0.14,25,36,61,1087,0.7
1.12,0,291,11.79,0.53,0.23,0.32,0.1,0.13,0.01,247,471,0.7,3.02,0.22,56,35,91,217,0.81
1.02,0,533,5.51,0.49,0.25,0.26,0.09,0.1,0.01,510,531,0.65,2.92,0.14,0,5,5,512,0.79
0.58,0,2450,4.77,0.52,0.31,0.249,0.09,0.24,0.11,347,607,0.55,2.24,0.13,0,27,27,1211,0.8
0.19,0,679,2.61,0.58,0.1,0.163,0.6,0.14,0,58,149,0.94,4.48,0.13,0,3,3,533,0.32
0.03,0,234,0.19,0.49,0.2,0.211,0.1,0.09,0.05,684,521,0.8,4.12,0.19,0,5,5,245,0.77
0.02,0,391,0.02,0.46,0.12,0.269,0.33,0.05,0,398,143,0.83,3.97,0.05,0,0,0,0,0.89
0.44,0,1460,7.62,0.54,0.15,0.204,0.36,0.1,0.02,346,480,0.76,2.89,0.17,0,40,40,463,0.7
0.16,0,2869,3.42,0.16,0.48,0.167,0.05,0.04,0.06,922,154,0.44,2.55,0.4,0,1,1,7,0.87
0.51,0,295,9.69,0.53,0.12,0.248,0.32,0.13,0.02,363,280,0.85,2.72,0.33,0,2,2,10,0.84
0.32,0,94,3.55,0.52,0.16,0.251,0.11,0.08,0.02,471,310,0.71,3.3,0.21,0,1,1,17,0.79
0.02,0,231,0.05,0.57,0.11,0.347,0.21,0.05,0,41,79,0.7,3.49,0.12,0,0,0,37,0.86
0.12,0,938,0.45,0.54,0.19,0.197,0.26,0.13,0.03,1172,668,0.82,3.44,0.16,0,1,1,25,0.75
0.01,0,869,0.11,0.53,0,0.222,0.77,0.17,0,0,66,0.99,2,0.11,0,42,42,516,0.11
0.41,0,97,0.83,0.53,0.06,0.42,0.26,0.15,0,88,150,0.93,1.36,0.11,0,13,13,3,0.89
0.27,0,1444,1.8,0.53,0.24,0.255,0.12,0.04,0.03,307,451,0.48,2.64,0.27,0,1,1,11,0.77
0.43,0,362,1.86,0.53,0.14,0.33,0.34,0.1,0,50,300,0.79,2.24,0.21,0,15,15,38,0.68
0.72,0,1472,8.74,0.47,0.2,0.246,0.26,0.06,0.03,254,271,0.61,2.36,0.19,0,20,20,30,0.75
0.57,0,336,8.08,0.53,0.14,0.272,0.38,0.07,0.01,342,355,0.88,2.33,0.27,0,31,31,44,0.84
0.24,0,767,0.64,0.51,0.07,0.167,0.59,0.16,0.01,196,77,0.91,1.5,0.11,0,9,9,514,0.7
0.35,0,915,2.89,0.49,0.25,0.199,0.23,0.08,0.01,1288,495,0.66,3.65,0.25,0,3,3,10,0.76
0.29,0,607,1.25,0.52,0.19,0.25,0.15,0.07,0.05,2018,497,0.78,3.8,0.17,0,0,0,1036,0.78
0.63,0,868,4.8,0.55,0.26,0.244,0.1,0.04,0.05,1111,591,0.49,2.94,0.24,0,1,1,3,0.8
0.38,0,1707,4.8,0.47,0.2,0.189,0.4,0.12,0.02,579,329,0.69,2.49,0.18,0,5,5,23,0.59
0.31,0,1555,1.52,0.47,0.3,0.193,0.15,0.02,0.06,1671,674,0.42,3.35,0.17,0,4,4,1,0.73
1.27,0,2542,12.31,0.51,0.23,0.228,0.11,0.04,0.03,1855,598,0.48,3.32,0.22,0,1,1,1,0.81
0.05,0,173,0.16,0.52,0.19,0.21,0.12,0.08,0.03,355,183,0.85,3.51,0.19,0,1,1,10,0.78
0.39,0,603,3.59,0.52,0.25,0.21,0.09,0.09,0.05,543,1096,0.74,3.13,0.17,0,21,21,90,0.75
1.39,0,422,7.11,0.51,0.12,0.253,0.12,0.2,0.01,391,435,0.76,3.52,0.14,0,0,0,25,0.55
0.83,1,1176,17.95,0.5,0.29,0.193,0.05,0.04,0.01,1096,698,0.3,3.32,0.25,21,20,41,279,0.56
1.08,0,1351,17.79,0.53,0.3,0.224,0.07,0.07,0.06,489,493,0.35,2.8,0.18,23,17,40,198,0.72
1.05,0,2728,7.69,0.53,0.24,0.254,0.08,0.15,0.03,402,711,0.7,3,0.12,1,166,167,570,0.8
0.33,0,576,4.08,0.48,0.16,0.208,0.24,0.08,0.02,485,320,0.8,3,0.27,0,25,25,398,0.69
1.03,0,1100,10.66,0.49,0.18,0.303,0.09,0.15,0,287,438,0.82,3.65,0.23,70,49,119,293,0.77
0.71,0,60,4.43,0.55,0.01,0.096,0.89,0.16,0,8,122,0.95,1.34,0.32,9,1,10,108,0.83
0.38,0,1662,0.68,0.37,0.81,0.043,0.01,0.06,0.05,182,128,0,2.84,0.14,203,169,372,959,0.58
1.09,0,1052,10.29,0.5,0.3,0.236,0.1,0.07,0.06,853,630,0.49,3.2,0.23,73,49,122,711,0.7
0.84,0,1313,12.41,0.43,0.29,0.284,0.08,0.11,0.02,279,836,0.61,2.74,0.2,131,116,247,586,0.71
1.03,0,5581,16.11,0.54,0.23,0.295,0.1,0.14,0.02,677,586,0.65,2.31,0.21,128,96,224,624,0.72
0.36,0,1535,0.59,0.57,0.11,0.359,0.38,0.24,0.01,111,465,0.74,1.59,0.06,0,0,0,0,0.79
0.04,0,2880,0.07,0.55,0.04,0.338,0.46,0.15,0,171,301,0.81,1.55,0.11,0,0,0,0,0.76
0.03,0,783,0.09,0.52,0.16,0.256,0.26,0.07,0.01,614,400,0.7,2.65,0.22,0,0,0,20,0.93
0.01,0,167,0.01,0.52,0.09,0.3,0.46,0.1,0,79,110,0.83,2.17,0.08,0,2,2,563,0.74
0.1,0,1740,0.53,0.53,0.13,0.255,0.31,0.11,0,460,668,0.76,2.19,0.19,0,0,0,0,1
0.28,0,3250,1.97,0.5,0.15,0.221,0.34,0.09,0.01,305,400,0.7,2.15,0.16,0,0,0,27,0.91
0.33,0,417,3.53,0.5,0.14,0.297,0.16,0.06,0,542,261,0.8,3.4,0.22,0,0,0,5,0.93
0.18,0,2611,0.31,0.49,0.14,0.301,0.38,0.19,0.01,228,413,0.75,2.12,0.08,0,0,0,0,0.83
0.77,0,3372,2.69,0.52,0.11,0.267,0.39,0.19,0,54,203,0.81,2.23,0.11,0,0,0,0,0.88
0.91,0,891,3.97,0.55,0.16,0.267,0.35,0.15,0,487,384,0.65,2.44,0.18,0,2,2,4,0.91
0.47,0,580,3.05,0.55,0.21,0.254,0.23,0.08,0.01,762,807,0.59,2.76,0.19,0,0,0,4,0.89
0.65,0,3804,6.76,0.56,0.29,0.26,0.12,0.07,0.01,450,780,0.39,2.47,0.2,0,2,2,8,0.67
0.63,0,221,5.64,0.56,0.18,0.24,0.19,0.05,0,574,291,0.68,2.82,0.17,0,0,0,0,0.88
0.02,0,384,0.01,0.48,0.08,0.333,0.42,0.08,0,151,98,0.86,2.49,0.04,0,6,6,124,0.86
0.02,0,264,0.02,0.49,0.19,0.22,0.22,0.07,0,491,180,0.88,3.04,0.06,0,1,1,334,0.58
0.18,0,1892,0.66,0.46,0.2,0.215,0.2,0.08,0.01,1622,339,0.69,3.55,0.14,0,6,6,173,0.86
0.08,0,1420,0.11,0.49,0.18,0.41,0.25,0.09,0,906,297,0.64,2.23,0.1,0,0,0,316,0.83
0.17,0,395,0.41,0.55,0.12,0.268,0.43,0.22,0.01,365,161,0.7,2.47,0.13,0,1,1,7,0.86
0.17,0,836,0.84,0.52,0.16,0.292,0.17,0.06,0.01,1214,267,0.68,2.51,0.13,0,0,0,0,1
0.17,0,417,0.27,0.52,0.1,0.335,0.37,0.12,0,312,283,0.83,2.21,0.07,0,0,0,5,0.86
1.04,0,251,2.86,0.53,0.08,0.274,0.45,0.24,0,183,260,0.85,1.92,0.15,0,0,0,2,0.94
0.05,0,1552,0.34,0.47,0.14,0.331,0.28,0.09,0,14,314,0.86,1.9,0.24,0,0,0,17,0.8
0.9,0,259,7.85,0.52,0.22,0.278,0.24,0.1,0,140,465,0.68,1.97,0.16,0,0,0,0,0.84
0.25,0,618,0.72,0.53,0.1,0.281,0.45,0.15,0.02,249,314,0.83,2.49,0.12,0,0,0,43,0.89
0.61,0,2471,4.51,0.49,0.35,0.212,0.22,0.1,0.01,180,462,0.29,2.18,0.23,0,0,0,0,0.86
0.46,0,979,3.36,0.48,0.13,0.321,0.23,0.07,0.02,346,303,0.63,1.72,0.16,0,0,0,0,0.98
0.08,0,1079,0.16,0.5,0.09,0.332,0.4,0.18,0.02,413,422,0.73,2.38,0.1,0,2,2,18,0.81
0.07,0,490,0.05,0.53,0.12,0.302,0.34,0.09,0.02,23,188,0.85,2.22,0.06,0,7,7,1107,0.8
0,0,595,0,0.49,0.09,0.208,0.31,0.06,0,309,174,0.78,2.37,0.07,0,0,0,195,0.55
0.19,0,1617,1.28,0.48,0.21,0.241,0.23,0.15,0.02,427,487,0.87,3.37,0.23,0,4,4,101,0.75
0.85,0,204,6.24,0.51,0.19,0.204,0.11,0.08,0.04,1427,498,0.86,3.78,0.17,0,14,14,157,0.76
0.46,0,145,2.37,0.53,0.2,0.218,0.1,0.07,0.06,780,685,0.68,2.95,0.15,0,4,4,16,0.73
0.44,0,738,2.96,0.53,0.15,0.244,0.2,0.11,0.08,959,886,0.78,3.79,0.14,0,25,25,69,0.87
0.72,0,307,6.86,0.54,0.23,0.24,0.11,0.11,0.03,956,628,0.79,3.41,0.18,0,14,14,194,0.85
0.15,0,1513,0.81,0.5,0.23,0.244,0.31,0.04,0,217,117,0.78,3.55,0.12,0,16,16,210,0.82
1,0,604,7.86,0.58,0.21,0.208,0.13,0.07,0.05,985,341,0.78,3.02,0.19,0,0,0,2,0.75
0.57,0,219,3.08,0.54,0.18,0.207,0.28,0.06,0.02,805,623,0.65,3,0.3,0,18,18,18,0.97
0.16,0,274,1.07,0.51,0.15,0.224,0.15,0.12,0.09,114,78,0.73,3.29,0.18,0,6,6,179,0.81
0.68,0,603,5.66,0.46,0.21,0.204,0.13,0.08,0.1,483,134,0.74,4.07,0.23,0,17,17,78,0.81
0.68,0,125,3.97,0.51,0.21,0.209,0.11,0.1,0.12,843,625,0.83,3.05,0.29,0,1,1,35,0.86
0.72,0,144,7.14,0.55,0.18,0.267,0.12,0.15,0.1,1371,531,0.83,3.23,0.18,0,1,1,18,0.95
0.96,0,125,4.9,0.52,0.15,0.222,0.29,0.13,0.03,882,656,0.81,4,0.2,0,17,17,49,0.76
0.12,0,380,0.36,0.47,0.28,0.204,0.07,0.07,0.13,756,262,0.83,4.17,0.19,0,6,6,17,0.83
0.29,0,1017,3.37,0.52,0.32,0.144,0.02,0.05,0.11,673,342,0.64,4.57,0.21,120,115,235,382,0.7
0.35,0,161,3.08,0.5,0.31,0.152,0.04,0.06,0.09,553,251,0.8,5.07,0.19,28,12,40,137,0.77
0.14,0,66,1.41,0.45,0.27,0.18,0.08,0.05,0.02,565,188,0.68,4.3,0.22,12,19,31,42,0.63
1.2,0,568,15.38,0.5,0.22,0.242,0.12,0.01,0.01,563,333,0.58,3.44,0.2,0,2,2,15,0.84
2.06,0,321,10.07,0.52,0.25,0.191,0.04,0.04,0.09,937,342,0.58,3.55,0.1,0,8,8,66,0.71
1.91,0,149,6.16,0.57,0.25,0.177,0.06,0.07,0.18,687,405,0.72,3.98,0.09,0,10,10,65,0.76
1.06,0,31,22.94,0.49,0.37,0.228,0.07,0.04,0.13,754,605,0.16,2.71,0.14,47,37,84,192,0.65
0.64,0,747,13.05,0.58,0.33,0.22,0.21,0.11,0.13,591,1031,0.23,1.83,0.22,71,54,125,310,0.72
1.04,0,3898,13.08,0.48,0.22,0.257,0.23,0.2,0.01,242,1300,0.58,2.43,0.13,0,63,63,910,0.64
1,0,1210,11.54,0.51,0.25,0.241,0.12,0.09,0.01,648,516,0.7,2.93,0.26,0,28,28,161,0.84
1.05,0,932,10.08,0.5,0.33,0.305,0.1,0.17,0.02,162,441,0.7,2.35,0.21,0,7,7,217,0.88
1.15,0,1369,10.79,0.46,0.22,0.342,0.11,0.16,0.02,507,487,0.84,2.15,0.2,0,10,10,189,0.82
1.01,0,3798,10.27,0.5,0.2,0.308,0.18,0.11,0.03,592,946,0.73,2.73,0.2,0,53,53,877,0.77
1.08,0,1361,5,0.56,0.08,0.193,0.53,0.16,0.01,243,692,0.77,1.91,0.17,0,16,16,77,0.67
1.14,0,1322,6.11,0.57,0.05,0.214,0.67,0.15,0.02,112,155,0.75,1.42,0.17,0,4,4,90,0.81
1.12,0,2389,12.64,0.54,0.25,0.229,0.19,0.16,0.01,319,546,0.47,2,0.21,0,10,10,108,0.81
1.12,0,2815,3.41,0.52,0.1,0.233,0.16,0.19,0.02,273,801,0.65,2.43,0.11,0,56,56,2227,0.58
2.04,0,130,8.3,0.48,0.13,0.302,0.08,0.26,0.03,457,341,0.79,2.67,0.1,0,4,4,57,0.86
0.36,0,11601,2.91,0.49,0.37,0.242,0.18,0.35,0.03,258,1711,0.35,1.68,0.1,0,188,188,3941,0.39
1.93,0,28,10.78,0.54,0.25,0.295,0.09,0.14,0.06,257,408,0.66,2.21,0.13,0,4,4,288,0.76
0.74,0,223,6.19,0.48,0.28,0.297,0.16,0.17,0.03,319,744,0.56,2.03,0.17,0,41,41,217,0.72
1.28,0,236,12.07,0.53,0.18,0.269,0.19,0.21,0.01,93,261,0.76,2.83,0.26,0,2,2,41,0.92
0.68,0,55,7.71,0.49,0.3,0.232,0.07,0.12,0.07,1430,620,0.48,3.06,0.18,14,24,38,73,0.81
1.2,0,122,6.08,0.48,0.21,0.257,0.07,0.12,0.11,415,186,0.76,4.15,0.15,34,18,52,340,0.68
0.93,0,159,17.75,0.5,0.17,0.179,0.09,0.01,0.18,301,693,0.23,3.17,0.21,16,13,29,140,0.61
1.27,0,8288,16.19,0.49,0.13,0.318,0.26,0.3,0.02,178,486,0.66,1.89,0.13,0,56,56,273,0.56
1.19,0,6952,18.6,0.53,0.18,0.289,0.19,0.29,0.03,107,616,0.43,1.98,0.14,0,81,81,242,0.65
1.65,0,778,8.52,0.49,0.31,0.324,0.13,0.15,0.05,443,907,0.38,1.94,0.13,0,17,17,168,0.75
1.19,0,1049,3.84,0.52,0.22,0.341,0.22,0.12,0.02,164,558,0.55,2.23,0.11,10,26,36,304,0.71
1.65,0,4838,13.33,0.52,0.35,0.215,0.09,0.15,0.02,129,576,0.19,2.03,0.1,0,35,35,619,0.29
0.76,0,2098,6.35,0.45,0.14,0.325,0.25,0.13,0.01,102,52,0.99,3.22,0.23,0,7,7,59,0.79
0.94,0,1148,6.73,0.56,0.2,0.3,0.2,0.13,0,271,307,0.74,2.79,0.18,0,8,8,109,0.66
1.67,0,746,7.81,0.53,0.18,0.283,0.19,0.14,0.03,341,254,0.83,2.55,0.2,2,18,20,75,0.75
1.11,0,236,13.58,0.49,0.29,0.242,0.09,0.11,0.05,554,687,0.46,2.65,0.22,0,26,26,44,0.83
1.58,0,1437,15.36,0.46,0.31,0.233,0.09,0.08,0.07,336,726,0.43,2.58,0.14,0,14,14,348,0.67
1.56,0,2193,13.12,0.51,0.29,0.256,0.11,0.1,0.01,764,547,0.59,2.05,0.14,0,40,40,646,0.72
2.71,0,328,16.89,0.5,0.34,0.177,0.09,0.06,0.04,899,1026,0.2,2.36,0.07,0,17,17,64,0.73
0.82,0,192,10.21,0.54,0.2,0.347,0.18,0.19,0.01,203,494,0.79,2.72,0.29,0,7,7,30,0.81
0.32,0,16377,8.41,0.52,0.32,0.155,0.05,0.07,0.03,842,187,0.61,4.58,0.15,56,51,107,429,0.58
1.46,0,67,12.11,0.49,0.27,0.217,0.11,0.24,0.01,294,518,0.53,2.61,0.19,0,2,2,422,0.8
1.34,0,467,11.39,0.47,0.22,0.292,0.09,0.17,0.02,275,147,0.8,3.24,0.21,22,24,46,248,0.75
1.25,0,633,6.75,0.45,0.28,0.209,0.1,0.19,0.09,562,649,0.65,2.93,0.18,70,63,133,1954,0.73
1.01,0,218,8.11,0.48,0.2,0.276,0.06,0.2,0.04,216,548,0.57,2.45,0.16,1,56,57,202,0.69
0.65,0,6500,2.87,0.49,0.23,0.206,0.07,0.17,0.06,272,278,0.65,2.85,0.14,37,101,138,3216,0.43
1.01,0,43,8.05,0.5,0.19,0.21,0.1,0.27,0.08,236,104,0.75,4.23,0.24,0,4,4,43,0.79
1.26,0,1120,6.7,0.53,0.22,0.298,0.17,0.25,0.08,398,681,0.52,2.11,0.15,0,25,25,145,0.58
0.83,0,441,9.8,0.46,0.19,0.258,0.08,0.21,0.03,587,611,0.63,2.23,0.23,0,14,14,162,0.73
1.13,0,860,6.26,0.5,0.19,0.231,0.08,0.22,0.06,332,367,0.88,4.96,0.16,0,17,17,212,0.8
